Total Pembeli (Pesanan Dibuat),Produk (Pesanan Dibuat),Total Penjualan (Pesanan Dibuat) (IDR),Tingkat Konversi (Pesanan yang Dibuat),Produk (Pesanan Siap Dikirim),Cluster
26,146,201122.0,0.1805999999999999,138,2
41,140,211288.0,0.1639999999999999,129,2
18,123,118412.0,0.1364,123,2
11,120,256389.0,0.0542,110,2
58,97,1315618.0,0.0762999999999999,90,2
30,93,1084195.0,0.0668,80,2
35,87,2529403.0,0.1429,67,2
41,86,1375758.0,0.0599,84,2
31,82,718359.0,0.0670999999999999,81,2
67,73,2119834.0,0.0412999999999999,72,2
9,71,781124.0,0.0242,50,2
26,70,237009.0,0.1898,70,2
60,69,1690003.0,0.0642,68,2
34,63,1683331.0,0.104,61,2
54,61,6321962.0,0.0646,58,1
22,61,430273.0,0.1117,61,2
9,60,156237.0,0.0616,58,2
23,60,50664.0,0.0895,59,2
45,60,1758068.0,0.0823,56,2
46,60,1999391.0,0.0501999999999999,55,2
39,56,2154910.0,0.0494,54,2
21,50,332551.0,0.1313,50,2
12,49,348369.0,0.0538,46,2
27,49,92265.0,0.0746,48,2
40,49,1918644.0,0.0569,47,2
42,48,502655.0,0.1214,45,2
16,46,341466.0,0.1455,46,2
29,46,1108219.0,0.0436,41,2
23,46,290566.0,0.2447,41,2
26,40,158878.0,0.1405,40,2
19,38,515153.0,0.2021,36,2
22,38,1178569.0,0.0742999999999999,37,2
17,36,237336.0,0.1328,33,2
23,35,815466.0,0.0571,28,2
17,34,531119.0,0.0455,34,2
21,32,1124315.0,0.1066,32,2
30,32,206792.0,0.1705,32,2
24,31,416839.0,0.092,31,2
22,31,333033.0,0.1027999999999999,30,2
4,31,36026.0,0.1667,31,0
27,30,3204328.0,0.0960999999999999,29,2
9,30,73725.0,0.0186,30,0
22,28,346995.0,0.037,27,0
5,27,213648.0,0.0265,27,0
15,26,161617.0,0.12,26,0
7,25,332714.0,0.0389,23,0
22,25,1016921.0,0.035,25,2
8,23,195693.0,0.0975999999999999,23,0
16,23,48021.0,0.2254,23,2
17,23,297887.0,0.1417,22,2
18,22,52433.0,0.1192,20,0
12,22,177605.0,0.1188,22,0
9,22,175961.0,0.0352,17,0
12,21,141249.0,0.15,20,0
9,21,361854.0,0.0423,21,0
13,21,381805.0,0.0504,20,0
9,19,59728.0,0.1216,18,0
15,18,94657.0,0.122,17,0
17,18,441905.0,0.1466,18,0
5,18,238684.0,0.061,18,0
7,17,77605.0,0.0921,17,0
14,17,90806.0,0.0986,16,0
17,17,78992.0,0.0776,15,0
12,17,775227.0,0.0542999999999999,14,0
10,17,452728.0,0.0295,16,0
9,17,70997.0,0.1286,15,0
11,17,47419.0,0.0902,15,0
10,17,23691.0,0.1887,15,0
16,17,768245.0,0.1081,17,0
13,15,439317.0,0.0699,13,0
8,15,337878.0,0.0487999999999999,14,0
12,15,813897.0,0.0374,13,0
6,15,37403.0,0.0588,14,0
8,15,104554.0,0.036,14,0
9,14,191577.0,0.12,13,0
8,14,238703.0,0.0237,14,0
5,14,169097.0,0.0294,14,0
6,14,110091.0,0.1033999999999999,14,0
9,13,176507.0,0.0523,13,0
11,13,639674.0,0.0175,12,0
9,12,173546.0,0.0882,12,0
9,12,169425.0,0.0415,12,0
4,12,80931.0,0.0237,11,0
9,11,2382.0,0.1607,11,0
5,11,116054.0,0.016,11,0
4,11,219032.0,0.0237,9,0
10,11,360732.0,0.0461,10,0
7,10,79792.0,0.1,10,0
8,10,227449.0,0.0816,10,0
6,10,49915.0,0.1176,10,0
9,10,809924.0,0.0495,10,0
9,10,86194.0,0.0818,10,0
8,10,83764.0,0.1,10,0
8,10,451952.0,0.02,9,0
8,10,378858.0,0.1481,10,0
6,9,36353.0,0.0844999999999999,9,0
8,9,18668.0,0.25,9,0
8,9,78263.0,0.1176,9,0
4,9,69649.0,0.0615,9,0
5,9,211458.0,0.05,9,0
6,8,11858.0,0.1071,8,0
7,8,219151.0,0.0116999999999999,7,0
8,8,108181.0,0.069,7,0
7,8,184418.0,0.0583,7,0
8,8,232651.0,0.0951999999999999,8,0
4,8,128697.0,0.0283999999999999,8,0
5,8,578321.0,0.061,8,0
8,8,268809.0,0.0615,8,0
7,8,130233.0,0.0909,8,0
3,7,26594.0,0.0576999999999999,7,0
5,7,289243.0,0.0308999999999999,7,0
4,7,79014.0,0.0231,7,0
4,7,329334.0,0.0678,6,0
2,7,94334.0,0.0104,4,0
5,7,240979.0,0.0567999999999999,7,0
5,7,12695.0,0.2,6,0
5,7,558338.0,0.0298,7,0
5,7,58601.0,0.1724,6,0
6,7,74982.0,0.1765,7,0
5,6,219513.0,0.0342,6,0
6,6,103003.0,0.1033999999999999,6,0
4,6,208321.0,0.0506,6,0
6,6,30976.0,0.2857,6,0
5,6,22392.0,0.0794,5,0
4,6,140149.0,0.0851,6,0
4,6,97879.0,0.1538,6,0
5,6,119506.0,0.1163,5,0
6,6,225991.0,0.0487999999999999,6,0
6,6,110834.0,0.0844999999999999,6,0
4,6,68718.0,0.0655999999999999,4,0
5,6,416266.0,0.0299,6,0
4,5,297207.0,0.0713999999999999,5,0
5,5,230866.0,0.0435,5,0
5,5,45662.0,0.1163,5,0
4,5,19213.0,0.0471,5,0
3,5,70249.0,0.0462,4,0
3,5,38696.0,0.0566,5,0
4,5,249458.0,0.0975999999999999,4,0
4,5,28216.0,0.0421,5,0
2,5,12729.0,0.0408,5,0
3,4,275139.0,0.0171,3,0
4,4,39953.0,0.0588,4,0
4,4,136697.0,0.0727,4,0
3,4,2824.0,0.0326,2,0
2,4,80432.0,0.0103,4,0
4,4,31166.0,0.1211999999999999,4,0
2,4,6648.0,0.0571,4,0
2,4,314.0,0.0605999999999999,4,0
3,4,2319.0,0.375,3,0
1,4,28036.0,0.0222,4,0
3,4,141.0,0.25,4,0
3,4,12589.0,0.0882,4,0
3,3,61491.0,0.1429,3,0
3,3,1757.0,0.2307999999999999,3,0
3,3,111351.0,0.0167,3,0
2,3,82863.0,0.0299,3,0
2,3,29484.0,0.0645,2,0
3,3,209932.0,0.0103,3,0
2,3,11637.0,0.0108,3,0
2,3,41733.0,0.087,3,0
1,3,237115.0,0.04,3,0
3,3,57441.0,0.0169,3,0
3,3,155213.0,0.0286,2,0
2,2,56801.0,0.0426,2,0
2,2,55541.0,0.0096,2,0
2,2,74019.0,0.0241,2,0
1,2,6288.0,0.0167,2,0
2,2,10434.0,0.0392,2,0
2,2,15912.0,0.0455,2,0
1,2,86623.0,0.0064,2,0
2,2,11357.0,0.0266999999999999,1,0
2,2,50584.0,0.0556,2,0
2,2,5419.0,0.0645,2,0
2,2,93379.0,0.0217,2,0
2,2,89546.0,0.0667,2,0
2,2,51371.0,0.0364,2,0
1,2,388.0,0.0435,2,0
2,2,163725.0,0.0345,2,0
1,1,114741.0,0.0417,1,0
1,1,7104.0,0.0475999999999999,1,0
1,1,8904.0,0.0526,1,0
1,1,29875.0,0.0213,1,0
1,1,47568.0,0.0769,1,0
1,1,64901.0,0.0109,1,0
1,1,134999.0,0.0141,1,0
1,1,24166.0,1.0,1,2
1,1,16394.0,0.04,1,0
1,1,875.0,0.0159,1,0
1,1,63031.0,0.1,1,0
1,1,18805.0,0.0556,1,0
1,1,22051.0,0.0313,1,0
1,1,2716.0,0.0356999999999999,1,0
1,1,175.0,0.0385,1,0
1,1,70418.0,0.0172,1,0
1,1,9295.0,0.0128,1,0
1,1,70.0,0.0588,1,0
1,1,11419.0,0.0152,1,0
1,1,35594.0,0.0093,1,0
0,0,0.0,0.0,0,0
0,0,0.0,0.0,0,0
0,0,0.0,0.0,0,0
0,0,0.0,0.0,0,0
0,0,0.0,0.0,0,0
0,0,0.0,0.0,0,0
0,0,0.0,0.0,0,0
0,0,0.0,0.0,0,0
0,0,0.0,0.0,0,0
0,0,0.0,0.0,0,0
0,0,0.0,0.0,0,0
0,0,0.0,0.0,0,0
0,0,0.0,0.0,0,0
0,0,0.0,0.0,0,0
0,0,0.0,0.0,0,0
0,0,0.0,0.0,0,0
0,0,0.0,0.0,0,0
0,0,0.0,0.0,0,0
0,0,0.0,0.0,0,0
0,0,0.0,0.0,0,0
0,0,0.0,0.0,0,0
0,0,0.0,0.0,0,0
0,0,0.0,0.0,0,0
0,0,0.0,0.0,0,0
0,0,0.0,0.0,0,0
0,0,0.0,0.0,0,0
0,0,0.0,0.0,0,0
0,0,0.0,0.0,0,0
0,0,0.0,0.0,0,0
0,0,0.0,0.0,0,0
0,0,0.0,0.0,0,0
0,0,0.0,0.0,0,0
0,0,0.0,0.0,0,0
0,0,0.0,0.0,0,0
0,0,0.0,0.0,0,0
0,0,0.0,0.0,0,0
0,0,0.0,0.0,0,0
0,0,0.0,0.0,0,0
0,0,0.0,0.0,0,0
0,0,0.0,0.0,0,0
0,0,0.0,0.0,0,0
0,0,0.0,0.0,0,0
0,0,0.0,0.0,0,0
0,0,0.0,0.0,0,0
0,0,0.0,0.0,0,0
0,0,0.0,0.0,0,0
0,0,0.0,0.0,0,0
0,0,0.0,0.0,0,0
0,0,0.0,0.0,0,0
0,0,0.0,0.0,0,0
0,0,0.0,0.0,0,0
0,0,0.0,0.0,0,0
0,0,0.0,0.0,0,0
0,0,0.0,0.0,0,0
0,0,0.0,0.0,0,0
0,0,0.0,0.0,0,0
0,0,0.0,0.0,0,0
0,0,0.0,0.0,0,0
0,0,0.0,0.0,0,0
0,0,0.0,0.0,0,0
0,0,0.0,0.0,0,0
0,0,0.0,0.0,0,0
0,0,0.0,0.0,0,0
0,0,0.0,0.0,0,0
0,0,0.0,0.0,0,0
0,0,0.0,0.0,0,0
0,0,0.0,0.0,0,0
0,0,0.0,0.0,0,0
0,0,0.0,0.0,0,0
0,0,0.0,0.0,0,0
38,114,9048.0,0.0785,112,2
27,99,14633.0,0.1205,87,2
12,98,297152.0,0.0622,83,2
30,90,1068286.0,0.0612,90,2
64,84,2006252.0,0.0913,81,2
37,84,2474586.0,0.0707,80,2
33,76,787389.0,0.0429,75,2
58,70,7204575.0,0.066,67,1
57,70,2213544.0,0.0429,63,2
21,68,1947407.0,0.1167,51,2
28,48,1398464.0,0.1366,45,2
25,47,1277540.0,0.0935999999999999,39,2
15,46,165351.0,0.1485,46,2
14,46,107545.0,0.1273,43,2
21,43,320298.0,0.1963,42,2
23,42,383723.0,0.0842,42,2
26,40,554966.0,0.0515,38,2
10,38,149901.0,0.0847,34,2
22,37,657531.0,0.0437,35,2
23,36,475729.0,0.0311,35,2
21,32,422479.0,0.0571,30,2
15,31,129981.0,0.1071,29,2
17,31,756482.0,0.0545,28,2
22,30,960626.0,0.0176,25,2
18,30,929071.0,0.0779,29,2
19,30,1063885.0,0.0373,23,2
23,29,34351.0,0.1027,28,2
14,28,170225.0,0.1110999999999999,25,0
16,28,227216.0,0.1176,27,2
20,26,507358.0,0.0837,23,2
3,26,55802.0,0.0698,26,0
23,25,2603428.0,0.0708,22,2
22,25,1169259.0,0.0345,25,2
19,23,154854.0,0.1496,23,2
20,23,231977.0,0.1105,23,0
3,22,247136.0,0.024,22,0
10,21,313004.0,0.0334,21,0
15,21,521964.0,0.0296,21,0
4,21,20111.0,0.0541,21,0
7,21,46062.0,0.0737,20,0
10,21,843008.0,0.0438999999999999,17,0
12,21,484138.0,0.0286,19,0
7,20,15979.0,0.0603,20,0
10,19,389955.0,0.0781,14,0
8,19,357772.0,0.2759,19,2
13,19,570215.0,0.064,17,0
7,19,257969.0,0.0921,14,0
13,17,99817.0,0.1238,17,0
15,16,82852.0,0.1724,16,0
10,16,157039.0,0.102,14,0
14,16,174534.0,0.0683,15,0
4,15,11908.0,0.0152,15,0
10,15,55845.0,0.1887,13,0
4,15,155098.0,0.0216,13,0
9,15,110151.0,0.1125,15,0
6,15,319734.0,0.0417,13,0
12,14,73934.0,0.1153999999999999,14,0
11,14,688618.0,0.0701,13,0
7,14,196842.0,0.0921,13,0
12,14,85321.0,0.1081,14,0
11,14,29351.0,0.1507,13,0
12,14,787125.0,0.0275,12,0
11,13,456095.0,0.0186,12,0
11,13,195541.0,0.0513999999999999,11,0
11,13,434195.0,0.0608,12,0
9,13,332813.0,0.0471,9,0
10,13,279694.0,0.0302999999999999,12,0
12,13,114703.0,0.25,12,0
6,13,94463.0,0.1153999999999999,13,0
12,13,537064.0,0.093,13,0
8,12,444621.0,0.0523,7,0
11,12,111917.0,0.25,11,0
4,12,659821.0,0.0233999999999999,11,0
9,12,406502.0,0.0581,11,0
5,11,51503.0,0.0694,11,0
6,11,78596.0,0.1132,11,0
8,11,93088.0,0.2759,11,0
8,11,794291.0,0.0661,11,0
7,11,150523.0,0.035,10,0
10,11,150904.0,0.0321,11,0
6,10,52824.0,0.1667,8,0
9,10,261718.0,0.0137,9,0
5,10,16137.0,0.1923,8,0
7,10,2108.0,0.2692,9,0
5,10,41523.0,0.0962,10,0
7,10,57372.0,0.0946,9,0
6,10,123823.0,0.0556,8,0
2,10,151078.0,0.0556,10,0
7,10,77678.0,0.0366,10,0
3,9,151268.0,0.125,9,0
6,9,118138.0,0.0403,9,0
9,9,150005.0,0.0419,7,0
5,9,92692.0,0.0758,9,0
9,9,177165.0,0.0978,9,0
8,9,21895.0,0.0878999999999999,7,0
7,8,309668.0,0.0603,8,0
8,8,720169.0,0.1052999999999999,8,0
6,8,128044.0,0.0571,8,0
3,7,46521.0,0.0323,7,0
6,7,7428.0,0.1394999999999999,7,0
5,7,328655.0,0.061,7,0
6,7,218384.0,0.0968,6,0
5,7,39599.0,0.1923,4,0
3,7,82354.0,0.0566,7,0
2,7,73668.0,0.0909,7,0
5,7,146529.0,0.098,6,0
5,7,273907.0,0.1110999999999999,4,0
2,7,48268.0,0.0513,7,0
6,7,56234.0,0.0504,7,0
4,6,11959.0,0.0174,6,0
5,6,48089.0,0.1282,6,0
6,6,464002.0,0.0619,6,0
5,6,131576.0,0.0758,6,0
3,6,51728.0,0.0484,6,0
4,6,273267.0,0.0272,5,0
5,6,48449.0,0.0229,6,0
4,6,77721.0,0.1429,5,0
4,5,281471.0,0.0975999999999999,5,0
2,5,3054.0,0.0137,5,0
2,5,80203.0,0.0571,3,0
5,5,126195.0,0.0385,5,0
3,5,83677.0,0.038,5,0
5,5,12521.0,0.0633,5,0
4,5,207138.0,0.0596999999999999,5,0
3,5,43594.0,0.0882,3,0
5,5,35163.0,0.1064,5,0
4,5,134371.0,0.0615,5,0
3,4,32481.0,0.0882,4,0
4,4,70796.0,0.0667,4,0
1,4,252732.0,0.0208,2,0
4,4,763.0,0.0741,4,0
4,4,90661.0,0.0909,4,0
1,4,96.0,0.025,4,0
3,4,94394.0,0.0313,3,0
3,4,234812.0,0.0294,3,0
4,4,29677.0,0.1538,4,0
3,4,23472.0,0.0455,4,0
4,4,20999.0,0.1176,3,0
3,4,115551.0,0.0259,4,0
3,4,7999.0,0.0203,4,0
3,4,209933.0,0.0375,4,0
3,4,92054.0,0.03,4,0
2,4,47749.0,0.1333,3,0
2,3,1112.0,0.0171,3,0
3,3,10902.0,0.0516999999999999,3,0
3,3,111092.0,0.0516999999999999,3,0
3,3,16522.0,0.1110999999999999,3,0
2,3,136108.0,0.1176,2,0
2,3,24394.0,0.0356999999999999,3,0
3,3,111488.0,0.0195,3,0
3,3,38835.0,0.0789,3,0
3,3,25574.0,0.0227,3,0
2,3,164019.0,0.1052999999999999,3,0
3,3,36894.0,0.0196,3,0
3,3,8671.0,0.0625,3,0
2,3,67555.0,0.0327999999999999,3,0
2,3,33439.0,0.1110999999999999,3,0
3,3,48384.0,0.0638,3,0
2,3,5741.0,0.0951999999999999,2,0
2,3,339629.0,0.0308,2,0
3,3,32455.0,0.0612,2,0
3,3,208671.0,0.0265,3,0
3,3,101719.0,0.0469,3,0
3,3,131808.0,0.125,3,0
3,3,46347.0,0.0259,3,0
3,3,227786.0,0.0652,3,0
1,2,10712.0,0.0243999999999999,2,0
2,2,167516.0,0.0588,2,0
2,2,225618.0,0.0302999999999999,1,0
2,2,10474.0,0.0541,2,0
2,2,117.0,0.0263,2,0
2,2,67777.0,0.0333,2,0
1,2,106338.0,0.0132,2,0
2,2,33734.0,0.0084,2,0
2,2,55653.0,0.0266999999999999,2,0
2,2,46364.0,0.0175,2,0
1,2,60764.0,0.0132,2,0
2,2,118985.0,0.05,2,0
2,2,102657.0,0.0317,2,0
2,2,5604.0,0.0713999999999999,2,0
2,2,15333.0,0.1176,2,0
1,2,20264.0,0.0093,2,0
1,1,20638.0,0.0333,1,0
1,1,458.0,0.1429,1,0
1,1,148514.0,0.1429,1,0
1,1,35538.0,0.0182,1,0
1,1,33119.0,0.0222,1,0
1,1,16251.0,0.0356999999999999,1,0
1,1,285.0,0.0144999999999999,1,0
1,1,7068.0,0.0054,1,0
1,1,79.0,0.0345,1,0
1,1,4039.0,0.0909,1,0
1,1,2819.0,0.037,1,0
1,1,1122.0,0.0769,1,0
1,1,91.0,0.0356999999999999,1,0
1,1,12735.0,0.0208,1,0
1,1,15538.0,0.0098,1,0
1,1,79881.0,0.1429,1,0
1,1,29639.0,0.0769,0,0
0,0,0.0,0.0,0,0
0,0,0.0,0.0,0,0
0,0,0.0,0.0,0,0
0,0,0.0,0.0,0,0
0,0,0.0,0.0,0,0
0,0,0.0,0.0,0,0
0,0,0.0,0.0,0,0
0,0,0.0,0.0,0,0
0,0,0.0,0.0,0,0
0,0,0.0,0.0,0,0
0,0,0.0,0.0,0,0
0,0,0.0,0.0,0,0
0,0,0.0,0.0,0,0
0,0,0.0,0.0,0,0
0,0,0.0,0.0,0,0
0,0,0.0,0.0,0,0
0,0,0.0,0.0,0,0
0,0,0.0,0.0,0,0
0,0,0.0,0.0,0,0
0,0,0.0,0.0,0,0
0,0,0.0,0.0,0,0
0,0,0.0,0.0,0,0
0,0,0.0,0.0,0,0
0,0,0.0,0.0,0,0
0,0,0.0,0.0,0,0
0,0,0.0,0.0,0,0
0,0,0.0,0.0,0,0
0,0,0.0,0.0,0,0
0,0,0.0,0.0,0,0
0,0,0.0,0.0,0,0
0,0,0.0,0.0,0,0
0,0,0.0,0.0,0,0
0,0,0.0,0.0,0,0
0,0,0.0,0.0,0,0
0,0,0.0,0.0,0,0
0,0,0.0,0.0,0,0
0,0,0.0,0.0,0,0
0,0,0.0,0.0,0,0
0,0,0.0,0.0,0,0
0,0,0.0,0.0,0,0
0,0,0.0,0.0,0,0
0,0,0.0,0.0,0,0
0,0,0.0,0.0,0,0
0,0,0.0,0.0,0,0
0,0,0.0,0.0,0,0
0,0,0.0,0.0,0,0
0,0,0.0,0.0,0,0
0,0,0.0,0.0,0,0
0,0,0.0,0.0,0,0
0,0,0.0,0.0,0,0
0,0,0.0,0.0,0,0
0,0,0.0,0.0,0,0
0,0,0.0,0.0,0,0
0,0,0.0,0.0,0,0
0,0,0.0,0.0,0,0
0,0,0.0,0.0,0,0
0,0,0.0,0.0,0,0
0,0,0.0,0.0,0,0
0,0,0.0,0.0,0,0
0,0,0.0,0.0,0,0
0,0,0.0,0.0,0,0
0,0,0.0,0.0,0,0
0,0,0.0,0.0,0,0
0,0,0.0,0.0,0,0
0,0,0.0,0.0,0,0
0,0,0.0,0.0,0,0
0,0,0.0,0.0,0,0
0,0,0.0,0.0,0,0
0,0,0.0,0.0,0,0
0,0,0.0,0.0,0,0
0,0,0.0,0.0,0,0
0,0,0.0,0.0,0,0
0,0,0.0,0.0,0,0
0,0,0.0,0.0,0,0
15,132,370821.0,0.0718,132,2
10,116,108231.0,0.1235,116,2
89,107,3393294.0,0.047,103,1
24,99,1039941.0,0.0663,90,2
30,84,745821.0,0.0472,77,2
21,76,556296.0,0.0494,69,2
64,76,8266561.0,0.073,73,1
55,63,1632892.0,0.0775,60,2
42,63,918903.0,0.0814,58,2
21,62,19493.0,0.253,62,2
21,46,1292765.0,0.1364,46,2
16,45,106488.0,0.1818,36,2
8,45,83883.0,0.0769,45,2
17,43,701215.0,0.037,43,2
21,43,1432162.0,0.0871,42,2
10,42,110892.0,0.0877,41,2
19,42,73553.0,0.0896,41,2
20,40,1409132.0,0.0465,38,2
20,38,669045.0,0.0474,33,2
24,37,1129848.0,0.1211999999999999,32,2
13,37,336664.0,0.0508,37,2
29,36,90094.0,0.0525,35,2
19,34,655768.0,0.0856,32,2
22,32,296193.0,0.1027999999999999,29,2
18,30,765973.0,0.0756,30,2
23,29,36929.0,0.0732,29,2
11,29,344802.0,0.2339999999999999,26,2
17,27,343484.0,0.0243999999999999,27,0
21,26,968095.0,0.0444,25,2
16,26,192589.0,0.1441,22,2
8,26,194008.0,0.1052999999999999,15,0
19,25,892378.0,0.0554,20,0
4,24,184512.0,0.0266999999999999,18,0
1,24,564471.0,0.0909,24,0
20,23,121976.0,0.1418,23,2
5,23,236907.0,0.0272,23,0
22,22,102712.0,0.1642,21,2
15,22,921074.0,0.0467,19,0
18,21,998837.0,0.1146,19,2
18,20,660248.0,0.0215,19,0
7,20,87593.0,0.1707,20,0
9,20,114808.0,0.1011,16,0
14,20,530444.0,0.0576,20,0
15,19,2001691.0,0.0586,16,2
17,19,579297.0,0.0588,19,0
7,19,265047.0,0.0542999999999999,16,0
10,18,401997.0,0.068,18,0
15,17,539603.0,0.1119,17,0
10,16,82253.0,0.0962,16,0
13,16,100988.0,0.1275,16,0
3,16,191025.0,0.0126,16,0
5,16,358411.0,0.0556,13,0
6,15,199529.0,0.0321,15,0
10,15,339394.0,0.0694,13,0
12,15,170821.0,0.0789,15,0
11,15,106548.0,0.0965,15,0
9,15,122211.0,0.0431,14,0
7,15,300874.0,0.0619,12,0
12,15,242444.0,0.0355,13,0
12,14,8831.0,0.1348,12,0
9,13,341464.0,0.037,9,0
9,13,27774.0,0.36,13,2
10,13,29094.0,0.1613,12,0
11,13,199537.0,0.0688,13,0
12,13,45424.0,0.0774,11,0
9,12,158489.0,0.1364,11,0
5,12,104581.0,0.2,12,0
6,12,55895.0,0.15,12,0
5,12,20089.0,0.2380999999999999,12,0
9,12,1082421.0,0.1384999999999999,11,0
5,12,25337.0,0.1,12,0
8,11,77336.0,0.1379,11,0
4,11,40808.0,0.0296,11,0
8,11,184632.0,0.0519,10,0
7,11,168594.0,0.0886,11,0
7,11,64113.0,0.0875,10,0
11,11,377498.0,0.0948,11,0
6,11,284357.0,0.0455,11,0
10,11,360555.0,0.1052999999999999,11,0
10,11,232289.0,0.0662,11,0
4,11,190765.0,0.0596999999999999,11,0
10,11,101229.0,0.0787,11,0
10,11,457673.0,0.0769,10,0
5,10,37493.0,0.0472,10,0
8,10,56315.0,0.2221999999999999,10,0
9,10,37821.0,0.2432,8,0
8,10,168698.0,0.1905,9,0
8,10,8629.0,0.2286,9,0
7,10,261657.0,0.0375999999999999,10,0
7,10,346911.0,0.0421999999999999,9,0
7,10,136485.0,0.2692,10,0
7,9,346249.0,0.0107,9,0
8,9,83143.0,0.2051,9,0
8,9,125526.0,0.0462,9,0
7,9,222613.0,0.0864,6,0
9,9,119791.0,0.1139,9,0
7,9,1025115.0,0.1628,9,0
8,9,116036.0,0.0556,8,0
6,9,213469.0,0.019,9,0
3,8,38725.0,0.0638,8,0
7,8,83011.0,0.1045,8,0
5,8,821774.0,0.0562,8,0
7,8,205273.0,0.1296,8,0
3,8,56934.0,0.1153999999999999,6,0
7,7,165701.0,0.0630999999999999,6,0
6,7,168997.0,0.0674,6,0
6,7,574892.0,0.0438,7,0
6,7,208068.0,0.0723,7,0
5,7,83273.0,0.0417,5,0
4,7,168156.0,0.0494,7,0
6,7,262278.0,0.0264,7,0
6,7,7921.0,0.1091,6,0
6,6,224042.0,0.0769,5,0
5,6,182977.0,0.0076,6,0
4,6,55304.0,0.0741,6,0
6,6,154708.0,0.0822,6,0
5,6,42567.0,0.1515,6,0
3,6,133606.0,0.0833,5,0
6,6,6399.0,0.1765,5,0
4,6,376083.0,0.0348,6,0
5,5,140507.0,0.045,5,0
4,5,63126.0,0.129,5,0
5,5,342163.0,0.0684999999999999,3,0
2,5,14336.0,0.0556,3,0
3,5,40435.0,0.06,5,0
4,5,28669.0,0.1538,5,0
2,5,81595.0,0.05,5,0
3,5,374518.0,0.0698,5,0
5,5,38302.0,0.0769,4,0
3,5,158551.0,0.0638,5,0
4,5,61376.0,0.0571,3,0
4,4,91881.0,0.129,4,0
4,4,31238.0,0.1379,4,0
4,4,22929.0,0.3636,4,0
2,4,64587.0,0.0667,4,0
4,4,14834.0,0.0301,4,0
3,4,315359.0,0.0423,3,0
4,4,63791.0,0.0237999999999999,4,0
3,4,226092.0,0.0326,3,0
3,4,90747.0,0.0508,2,0
2,4,99416.0,0.0132,4,0
2,4,24574.0,0.0377,3,0
3,4,135301.0,0.0492,4,0
3,4,11949.0,0.15,4,0
2,4,302976.0,0.0187,4,0
4,4,151947.0,0.05,4,0
3,4,216708.0,0.0536,4,0
3,3,169235.0,0.0536,3,0
2,3,24373.0,0.1429,2,0
3,3,94176.0,0.0545,3,0
3,3,18631.0,0.0789,3,0
3,3,46688.0,0.0612,3,0
2,3,33424.0,0.0263,1,0
2,3,380727.0,0.0713999999999999,1,0
2,3,72779.0,0.0302999999999999,3,0
3,3,208026.0,0.0155,3,0
2,3,63602.0,0.08,2,0
2,3,4236.0,0.1818,3,0
3,3,29548.0,0.0129,3,0
2,3,61926.0,0.0155,3,0
3,3,132687.0,0.1765,3,0
1,2,19894.0,0.027,2,0
2,2,55525.0,0.0487999999999999,2,0
2,2,748.0,0.0163999999999999,2,0
2,2,91475.0,0.0356999999999999,2,0
2,2,61546.0,0.0465,2,0
2,2,62183.0,0.0667,2,0
1,2,13308.0,0.0294,2,0
1,2,138.0,0.0385,2,0
2,2,189828.0,0.0426,2,0
2,2,136894.0,0.0333,2,0
2,2,105369.0,0.0125,2,0
2,2,24043.0,0.1176,1,0
1,1,4279.0,0.0385,1,0
1,1,119564.0,0.0475999999999999,1,0
1,1,22177.0,0.0196,1,0
1,1,634.0,0.0088,1,0
1,1,38104.0,0.0526,1,0
1,1,65432.0,0.0667,1,0
1,1,23575.0,0.0263,1,0
1,1,19228.0,0.0192,1,0
1,1,31.0,0.0144999999999999,1,0
1,1,15745.0,0.0323,1,0
1,1,10621.0,0.0104,1,0
1,1,348.0,0.0237999999999999,1,0
1,1,22132.0,0.04,1,0
1,1,45324.0,0.0294,1,0
1,1,7823.0,0.0333,1,0
1,1,47495.0,0.05,1,0
1,1,38569.0,0.0175,1,0
1,1,26436.0,0.0081,1,0
1,1,6386.0,0.1429,1,0
1,1,61671.0,0.0179,1,0
1,1,50232.0,0.0417,1,0
1,1,131.0,0.0152,1,0
1,1,25147.0,0.0713999999999999,1,0
1,1,10911.0,0.0455,1,0
1,1,18253.0,0.0556,1,0
1,1,712.0,0.0132,1,0
1,1,6758.0,0.0222,1,0
1,1,10405.0,0.0333,1,0
1,1,7276.0,0.0625,1,0
1,1,47.0,0.0179,1,0
1,1,54929.0,0.1667,1,0
1,1,11482.0,0.0455,1,0
0,0,0.0,0.0,0,0
0,0,0.0,0.0,0,0
0,0,0.0,0.0,0,0
0,0,0.0,0.0,0,0
0,0,0.0,0.0,0,0
0,0,0.0,0.0,0,0
0,0,0.0,0.0,0,0
0,0,0.0,0.0,0,0
0,0,0.0,0.0,0,0
0,0,0.0,0.0,0,0
0,0,0.0,0.0,0,0
0,0,0.0,0.0,0,0
0,0,0.0,0.0,0,0
0,0,0.0,0.0,0,0
0,0,0.0,0.0,0,0
0,0,0.0,0.0,0,0
0,0,0.0,0.0,0,0
0,0,0.0,0.0,0,0
0,0,0.0,0.0,0,0
0,0,0.0,0.0,0,0
0,0,0.0,0.0,0,0
0,0,0.0,0.0,0,0
0,0,0.0,0.0,0,0
0,0,0.0,0.0,0,0
0,0,0.0,0.0,0,0
0,0,0.0,0.0,0,0
0,0,0.0,0.0,0,0
0,0,0.0,0.0,0,0
0,0,0.0,0.0,0,0
0,0,0.0,0.0,0,0
0,0,0.0,0.0,0,0
0,0,0.0,0.0,0,0
0,0,0.0,0.0,0,0
0,0,0.0,0.0,0,0
0,0,0.0,0.0,0,0
0,0,0.0,0.0,0,0
0,0,0.0,0.0,0,0
0,0,0.0,0.0,0,0
0,0,0.0,0.0,0,0
0,0,0.0,0.0,0,0
0,0,0.0,0.0,0,0
0,0,0.0,0.0,0,0
0,0,0.0,0.0,0,0
0,0,0.0,0.0,0,0
0,0,0.0,0.0,0,0
0,0,0.0,0.0,0,0
0,0,0.0,0.0,0,0
0,0,0.0,0.0,0,0
0,0,0.0,0.0,0,0
0,0,0.0,0.0,0,0
0,0,0.0,0.0,0,0
0,0,0.0,0.0,0,0
0,0,0.0,0.0,0,0
0,0,0.0,0.0,0,0
0,0,0.0,0.0,0,0
0,0,0.0,0.0,0,0
0,0,0.0,0.0,0,0
0,0,0.0,0.0,0,0
0,0,0.0,0.0,0,0
0,0,0.0,0.0,0,0
0,0,0.0,0.0,0,0
0,0,0.0,0.0,0,0
0,0,0.0,0.0,0,0
0,0,0.0,0.0,0,0
0,0,0.0,0.0,0,0
0,0,0.0,0.0,0,0
0,0,0.0,0.0,0,0
0,0,0.0,0.0,0,0
0,0,0.0,0.0,0,0
0,0,0.0,0.0,0,0
0,0,0.0,0.0,0,0
0,0,0.0,0.0,0,0
10,273,61607.0,0.0541,273,1
119,137,4116920.0,0.0567,134,1
25,116,17754.0,0.1515,102,2
78,93,9866252.0,0.0776,84,1
23,72,685512.0,0.0373,62,2
23,68,223884.0,0.213,68,2
48,65,93958.0,0.0791999999999999,63,2
36,64,1069819.0,0.0501999999999999,63,2
22,64,1083625.0,0.0786,64,2
58,63,1473464.0,0.0774,58,2
36,56,1068355.0,0.0622,56,2
23,55,1550494.0,0.1474,53,2
17,51,487061.0,0.0596,30,2
7,46,47737.0,0.0753,46,2
16,44,118111.0,0.1684,43,2
36,44,866866.0,0.0652,42,2
36,44,461027.0,0.1475,41,2
23,43,348144.0,0.0687,42,2
25,43,1439244.0,0.0507,41,2
29,43,512472.0,0.1318,42,2
23,39,1169989.0,0.0975,33,2
24,35,424129.0,0.0727,30,2
24,35,691814.0,0.1387,35,2
17,35,189072.0,0.1574,25,2
25,34,1226563.0,0.1445,32,2
28,31,1229915.0,0.0182,30,2
14,31,901705.0,0.0946,31,2
20,31,662073.0,0.0855,30,2
18,30,116202.0,0.1417,28,2
17,29,912396.0,0.0756,29,2
7,27,234781.0,0.0921,20,0
17,24,51329.0,0.2464,24,2
21,23,739383.0,0.0245,21,0
6,23,275251.0,0.0382,17,0
9,23,84429.0,0.1343,11,0
13,23,256724.0,0.0381,23,0
10,22,167926.0,0.0426,14,0
18,22,137176.0,0.1578999999999999,20,0
9,22,51286.0,0.1730999999999999,22,0
20,21,70672.0,0.0619,20,0
13,21,121923.0,0.1566,21,0
6,21,138802.0,0.0349,9,0
9,19,140485.0,0.0810999999999999,19,0
12,19,46542.0,0.044,16,0
10,19,177258.0,0.0448,19,0
15,18,217005.0,0.0341,17,0
5,18,154751.0,0.036,18,0
4,17,57932.0,0.0395999999999999,17,0
15,17,480634.0,0.0904,17,0
12,17,191095.0,0.0938,17,0
13,17,32591.0,0.0613,16,0
14,17,403414.0,0.0576,15,0
5,17,128098.0,0.0532,17,0
11,16,211346.0,0.1294,14,0
6,16,85605.0,0.1153999999999999,12,0
10,16,318358.0,0.0224,16,0
13,15,312761.0,0.0935,15,0
10,15,392324.0,0.0478,15,0
7,15,64534.0,0.2332999999999999,9,0
5,15,28691.0,0.0237,13,0
6,14,250526.0,0.0723,14,0
13,14,451461.0,0.0409999999999999,14,0
10,13,452959.0,0.0704,12,0
6,13,296496.0,0.0779,12,0
8,13,80842.0,0.2051,13,0
10,13,265422.0,0.2128,13,0
11,13,19626.0,0.11,13,0
10,12,557836.0,0.0725,11,0
9,12,386363.0,0.0576999999999999,11,0
9,12,467617.0,0.0308,11,0
8,12,86637.0,0.1379,10,0
9,11,49946.0,0.225,11,0
8,11,215253.0,0.0544,9,0
8,11,280788.0,0.1110999999999999,9,0
6,11,99552.0,0.1429,9,0
9,11,800751.0,0.0938,11,0
4,11,223163.0,0.0233,8,0
2,11,13943.0,0.2857,11,0
9,11,202845.0,0.0479,11,0
6,10,50155.0,0.1875,8,0
6,10,67505.0,0.0674,10,0
9,10,252193.0,0.1406,8,0
10,10,86825.0,0.1124,10,0
7,10,85208.0,0.2414,10,0
9,10,221078.0,0.0423,10,0
10,10,413948.0,0.1031,9,0
8,9,468087.0,0.053,9,0
8,9,82163.0,0.2286,8,0
7,9,114279.0,0.0435,9,0
7,9,805748.0,0.068,9,0
5,9,113532.0,0.1086999999999999,8,0
8,9,268156.0,0.0519,9,0
8,9,95594.0,0.1667,8,0
8,8,301421.0,0.1110999999999999,8,0
7,8,215561.0,0.1458,7,0
8,8,187209.0,0.0713999999999999,8,0
8,8,279012.0,0.092,8,0
8,8,956788.0,0.1127,7,0
7,8,72616.0,0.1273,8,0
6,8,538909.0,0.0224,8,0
7,8,256639.0,0.0667,8,0
5,8,228397.0,0.027,8,0
5,8,117828.0,0.1110999999999999,8,0
8,8,102888.0,0.1193999999999999,8,0
6,7,698256.0,0.0612,7,0
6,7,109686.0,0.0833,7,0
6,7,396647.0,0.0682,7,0
5,7,68681.0,0.0819999999999999,7,0
5,6,196205.0,0.0549,5,0
6,6,122261.0,0.1875,6,0
5,6,49373.0,0.1785999999999999,5,0
4,6,209579.0,0.0579999999999999,5,0
6,6,134656.0,0.1429,6,0
5,6,135325.0,0.0542999999999999,6,0
6,6,429418.0,0.0545,6,0
3,6,15396.0,0.25,5,0
4,6,429705.0,0.0615,6,0
3,5,314894.0,0.0275,5,0
2,5,99779.0,0.0526,5,0
5,5,18521.0,0.1086999999999999,4,0
3,5,66339.0,0.0833,4,0
4,5,70123.0,0.0266999999999999,5,0
5,5,121537.0,0.061,4,0
5,5,115771.0,0.098,5,0
2,5,1335.0,0.0202,5,0
4,4,111102.0,0.022,4,0
4,4,43311.0,0.0909,4,0
3,4,32718.0,0.0833,4,0
3,4,71187.0,0.0857,4,0
2,4,346998.0,0.0149,2,0
4,4,76784.0,0.0263,3,0
4,4,21154.0,0.0702,4,0
3,4,310253.0,0.0536,3,0
3,4,28855.0,0.125,4,0
4,4,83132.0,0.093,4,0
3,4,94175.0,0.1578999999999999,4,0
3,4,2289.0,0.0713999999999999,4,0
3,4,137496.0,0.0236,3,0
1,4,114222.0,0.0588,4,0
1,4,26471.0,0.0345,4,0
4,4,240381.0,0.0475999999999999,4,0
3,3,167031.0,0.0395,2,0
3,3,18431.0,0.0713999999999999,3,0
3,3,202325.0,0.0556,3,0
3,3,74136.0,0.0055,3,0
3,3,4804.0,0.12,3,0
3,3,29663.0,0.0448,3,0
3,3,6678.0,0.1,3,0
3,3,344687.0,0.05,2,0
3,3,27462.0,0.1875,3,0
3,3,331314.0,0.1110999999999999,3,0
2,3,7991.0,0.1429,3,0
2,3,3808.0,0.023,3,0
3,3,149687.0,0.0341,3,0
1,2,5867.0,0.05,2,0
2,2,18511.0,0.0833,2,0
1,2,354411.0,0.0475999999999999,2,0
2,2,11144.0,0.2,2,0
2,2,10331.0,0.0741,2,0
2,2,61214.0,0.0364,2,0
2,2,26427.0,0.3333,2,0
2,2,10618.0,0.0625,2,0
2,2,6223.0,0.1052999999999999,2,0
1,2,1154.0,0.0139,2,0
2,2,21182.0,0.0426,2,0
2,2,167828.0,0.0294,2,0
1,2,15.0,0.0233,2,0
1,2,38402.0,0.0713999999999999,2,0
1,2,478.0,0.0588,2,0
1,1,7557.0,0.3333,1,0
1,1,374.0,0.0121999999999999,1,0
1,1,5072.0,0.0141,0,0
1,1,38964.0,0.0588,1,0
1,1,61222.0,0.0243999999999999,1,0
1,1,46132.0,0.0713999999999999,1,0
1,1,15569.0,0.0156,1,0
1,1,468.0,0.0192,1,0
1,1,10305.0,0.011,1,0
1,1,44.0,0.0385,1,0
1,1,64905.0,0.125,1,0
1,1,62314.0,0.0144999999999999,1,0
1,1,26149.0,0.0333,0,0
1,1,2038.0,0.0356999999999999,1,0
1,1,93352.0,0.0256,1,0
1,1,10615.0,0.125,0,0
1,1,22614.0,0.0263,1,0
1,1,3373.0,0.1667,1,0
1,1,69934.0,0.0417,1,0
1,1,26602.0,0.0345,1,0
1,1,38483.0,0.0111,1,0
1,1,30606.0,0.0227,1,0
1,1,25398.0,0.0172,1,0
1,1,5281.0,0.04,0,0
1,1,34585.0,0.125,1,0
1,1,225.0,0.0182,1,0
1,1,49751.0,0.0208,1,0
1,1,13931.0,0.0667,1,0
0,0,0.0,0.0,0,0
0,0,0.0,0.0,0,0
0,0,0.0,0.0,0,0
0,0,0.0,0.0,0,0
0,0,0.0,0.0,0,0
0,0,0.0,0.0,0,0
0,0,0.0,0.0,0,0
0,0,0.0,0.0,0,0
0,0,0.0,0.0,0,0
0,0,0.0,0.0,0,0
0,0,0.0,0.0,0,0
0,0,0.0,0.0,0,0
0,0,0.0,0.0,0,0
0,0,0.0,0.0,0,0
0,0,0.0,0.0,0,0
0,0,0.0,0.0,0,0
0,0,0.0,0.0,0,0
0,0,0.0,0.0,0,0
0,0,0.0,0.0,0,0
0,0,0.0,0.0,0,0
0,0,0.0,0.0,0,0
0,0,0.0,0.0,0,0
0,0,0.0,0.0,0,0
0,0,0.0,0.0,0,0
0,0,0.0,0.0,0,0
0,0,0.0,0.0,0,0
0,0,0.0,0.0,0,0
0,0,0.0,0.0,0,0
0,0,0.0,0.0,0,0
0,0,0.0,0.0,0,0
0,0,0.0,0.0,0,0
0,0,0.0,0.0,0,0
0,0,0.0,0.0,0,0
0,0,0.0,0.0,0,0
0,0,0.0,0.0,0,0
0,0,0.0,0.0,0,0
0,0,0.0,0.0,0,0
0,0,0.0,0.0,0,0
0,0,0.0,0.0,0,0
0,0,0.0,0.0,0,0
0,0,0.0,0.0,0,0
0,0,0.0,0.0,0,0
0,0,0.0,0.0,0,0
0,0,0.0,0.0,0,0
0,0,0.0,0.0,0,0
0,0,0.0,0.0,0,0
0,0,0.0,0.0,0,0
0,0,0.0,0.0,0,0
0,0,0.0,0.0,0,0
0,0,0.0,0.0,0,0
0,0,0.0,0.0,0,0
0,0,0.0,0.0,0,0
0,0,0.0,0.0,0,0
0,0,0.0,0.0,0,0
0,0,0.0,0.0,0,0
0,0,0.0,0.0,0,0
0,0,0.0,0.0,0,0
0,0,0.0,0.0,0,0
0,0,0.0,0.0,0,0
0,0,0.0,0.0,0,0
0,0,0.0,0.0,0,0
0,0,0.0,0.0,0,0
0,0,0.0,0.0,0,0
0,0,0.0,0.0,0,0
0,0,0.0,0.0,0,0
0,0,0.0,0.0,0,0
0,0,0.0,0.0,0,0
0,0,0.0,0.0,0,0
0,0,0.0,0.0,0,0
0,0,0.0,0.0,0,0
0,0,0.0,0.0,0,0
0,0,0.0,0.0,0,0
0,0,0.0,0.0,0,0
0,0,0.0,0.0,0,0
0,0,0.0,0.0,0,0
0,0,0.0,0.0,0,0
0,0,0.0,0.0,0,0
0,0,0.0,0.0,0,0
0,0,0.0,0.0,0,0
0,0,0.0,0.0,0,0
0,0,0.0,0.0,0,0
0,0,0.0,0.0,0,0
0,0,0.0,0.0,0,0
0,0,0.0,0.0,0,0
0,0,0.0,0.0,0,0
0,0,0.0,0.0,0,0
15,189,48313.0,0.0625,189,2
31,113,1024595.0,0.0588,106,2
24,108,351579.0,0.2,82,2
12,105,113981.0,0.1176,90,2
97,104,3263448.0,0.047,101,1
84,101,10543261.0,0.0643,92,1
39,100,666944.0,0.1226,95,2
35,94,163765.0,0.1128999999999999,91,2
32,88,1398644.0,0.043,88,2
60,87,1146710.0,0.0547,84,2
39,86,80021.0,0.0415,85,2
72,85,1982725.0,0.0831,77,2
19,74,166049.0,0.1429,69,2
19,67,270209.0,0.1234,66,2
24,65,687939.0,0.0721,63,2
41,64,1863577.0,0.1133,60,2
45,64,1606061.0,0.1069,62,2
48,63,977245.0,0.0516,60,2
29,54,1870138.0,0.0426,50,2
45,54,2250413.0,0.0581,51,2
34,53,1675902.0,0.0831,47,2
47,52,2051158.0,0.0118,48,2
30,51,1357621.0,0.0962,48,2
34,51,555935.0,0.113,46,2
16,49,408534.0,0.0486,46,2
34,45,521438.0,0.0415,45,2
11,45,401298.0,0.0472,45,2
6,45,552069.0,0.0306,37,2
9,44,460469.0,0.0346,42,2
6,42,192841.0,0.0417,40,2
16,41,219204.0,0.1905,40,2
11,41,417777.0,0.0281,34,2
24,40,586966.0,0.1805,39,2
33,40,1371415.0,0.0938,40,2
29,39,562777.0,0.0542999999999999,35,2
20,38,670229.0,0.0538999999999999,36,2
14,36,1007604.0,0.0909,36,2
23,34,640859.0,0.083,33,2
18,33,272381.0,0.1394999999999999,33,2
15,32,407837.0,0.0332,32,0
20,31,54913.0,0.0315,31,0
27,30,95513.0,0.0469,29,2
19,30,776771.0,0.0513999999999999,27,2
19,30,850814.0,0.0623,28,2
15,29,410004.0,0.0508,29,0
15,26,138776.0,0.1163,26,0
23,26,847676.0,0.0516999999999999,23,2
12,26,22879.0,0.1061999999999999,26,0
23,26,771374.0,0.0604,23,2
6,26,186869.0,0.0361,26,0
19,25,54103.0,0.2923,24,2
19,24,287174.0,0.0876,24,0
17,23,530789.0,0.0863,20,0
18,22,201635.0,0.2727,18,2
9,22,89715.0,0.1552,22,0
16,22,505479.0,0.0448,21,0
10,22,533185.0,0.1075,22,0
13,21,1154890.0,0.0594,17,0
9,20,12989.0,0.0776,17,0
20,20,1449538.0,0.0542,20,2
15,20,616627.0,0.0718,17,0
10,20,516392.0,0.0408,19,0
8,19,121758.0,0.2051,19,0
17,19,404935.0,0.0559,19,0
13,19,43421.0,0.3824,19,2
11,19,109299.0,0.094,17,0
8,18,49024.0,0.0655999999999999,18,0
8,18,226315.0,0.127,18,0
6,18,142612.0,0.0259,18,0
15,17,97835.0,0.15,15,0
14,17,149482.0,0.1918,17,0
12,16,275843.0,0.0351,15,0
15,16,60618.0,0.2,15,0
12,16,604516.0,0.093,16,0
7,16,163682.0,0.07,10,0
5,16,29119.0,0.0181,16,0
12,16,298903.0,0.0467,16,0
14,15,596214.0,0.0613999999999999,15,0
12,15,376419.0,0.0951999999999999,14,0
11,15,462235.0,0.0957,11,0
8,15,118831.0,0.0816,14,0
12,14,71242.0,0.0652,14,0
7,14,119073.0,0.0921,14,0
11,14,94788.0,0.1058,12,0
10,14,337292.0,0.0667,14,0
8,14,5125.0,0.1455,10,0
5,14,643963.0,0.0210999999999999,5,0
12,13,280218.0,0.0354,12,0
11,13,220104.0,0.0189,13,0
11,13,154081.0,0.1341,13,0
9,12,318433.0,0.0612,11,0
11,12,250595.0,0.0576,12,0
11,12,860001.0,0.0786,12,0
10,11,405908.0,0.0602,11,0
11,11,396638.0,0.0361,10,0
9,11,58887.0,0.1578999999999999,10,0
6,11,280367.0,0.0311,11,0
3,11,54621.0,0.0732,11,0
10,11,529753.0,0.0495,11,0
9,11,181926.0,0.0233,10,0
8,10,126656.0,0.1127,10,0
4,9,166215.0,0.0449,9,0
7,9,189412.0,0.0972,8,0
8,9,14655.0,0.2581,7,0
5,9,1053451.0,0.0373,7,0
7,9,52044.0,0.1458,7,0
6,9,161672.0,0.1132,9,0
7,9,225631.0,0.0667,7,0
7,8,87986.0,0.0359,8,0
8,8,275183.0,0.0304,8,0
4,8,98187.0,0.0356999999999999,8,0
6,8,118524.0,0.0645,8,0
6,8,127698.0,0.0242,7,0
7,8,197901.0,0.0098,8,0
8,8,18229.0,0.0851,8,0
7,8,246536.0,0.0260999999999999,7,0
6,8,65075.0,0.0741,7,0
5,8,16772.0,0.0794,8,0
8,8,688.0,0.0655999999999999,7,0
6,7,39755.0,0.0176,7,0
7,7,449452.0,0.0504,6,0
5,7,54707.0,0.102,7,0
7,7,90708.0,0.1148,7,0
5,7,57388.0,0.1042,7,0
6,7,376742.0,0.1017,6,0
5,7,14753.0,0.04,6,0
7,7,105069.0,0.0778,7,0
7,7,245381.0,0.0559999999999999,6,0
3,7,51803.0,0.0216,7,0
7,7,220861.0,0.0361,6,0
7,7,101879.0,0.0761,7,0
6,6,274416.0,0.0882,6,0
4,6,174279.0,0.0381,6,0
5,6,43537.0,0.1667,6,0
3,6,304592.0,0.0319,4,0
1,6,13802.0,0.0208,6,0
4,6,35356.0,0.0526,6,0
5,6,232147.0,0.0321,6,0
5,6,88564.0,0.0352,5,0
4,6,149487.0,0.0385,6,0
6,6,253998.0,0.0667,6,0
6,6,481761.0,0.0833,6,0
5,5,139804.0,0.0758,5,0
5,5,26848.0,0.1389,5,0
5,5,51333.0,0.1471,5,0
5,5,113207.0,0.0329,5,0
5,5,330652.0,0.0694,5,0
5,5,453725.0,0.0926,5,0
5,5,96427.0,0.125,5,0
5,5,134041.0,0.1163,5,0
4,5,86806.0,0.0702,4,0
4,5,39716.0,0.0909,5,0
3,5,229436.0,0.1364,5,0
4,5,174306.0,0.0395999999999999,4,0
3,4,47063.0,0.0652,4,0
4,4,10895.0,0.0412,4,0
3,4,69985.0,0.0667,4,0
3,4,34278.0,0.0302999999999999,4,0
2,4,17136.0,0.0426,2,0
4,4,51924.0,0.0184,4,0
3,4,282913.0,0.0182,4,0
2,4,29721.0,0.0408,4,0
1,4,27513.0,0.0069,4,0
3,4,10216.0,0.1578999999999999,4,0
3,3,106759.0,0.0246,3,0
3,3,192491.0,0.0203,3,0
3,3,120993.0,0.0492,3,0
2,3,25237.0,0.069,3,0
2,3,175194.0,0.0247,3,0
3,3,154359.0,0.0265,3,0
3,3,69507.0,0.0252,3,0
2,3,35717.0,0.0588,3,0
1,2,70745.0,0.0081999999999999,2,0
2,2,7712.0,0.0153,2,0
1,2,1559.0,0.0227,2,0
1,2,372.0,0.0237999999999999,2,0
2,2,912.0,0.0951999999999999,2,0
2,2,16485.0,0.0833,2,0
2,2,9008.0,0.1429,2,0
1,2,61.0,0.0069999999999999,2,0
2,2,41531.0,0.0356999999999999,1,0
2,2,28406.0,0.0105,2,0
2,2,73365.0,0.1429,2,0
1,2,130.0,0.0286,2,0
2,2,9325.0,0.0339,2,0
2,2,51769.0,0.1,2,0
2,2,10169.0,0.1429,2,0
1,2,25.0,0.0192,2,0
2,2,51632.0,0.125,2,0
2,2,28359.0,0.0426,2,0
1,1,45495.0,0.1429,1,0
1,1,62688.0,0.0079,1,0
1,1,30.0,0.0135,0,0
1,1,30946.0,0.0833,1,0
1,1,74012.0,0.025,1,0
1,1,79.0,0.0189,1,0
1,1,42461.0,0.008,1,0
1,1,20625.0,0.0455,1,0
1,1,86403.0,0.04,1,0
1,1,4107.0,0.1429,1,0
1,1,56027.0,0.0237999999999999,1,0
1,1,2599.0,0.1,1,0
1,1,30165.0,0.0278,1,0
1,1,2669.0,0.0475999999999999,1,0
1,1,19691.0,0.0156,1,0
1,1,19626.0,0.0227,1,0
1,1,75.0,0.0345,0,0
1,1,49321.0,0.0435,0,0
1,1,49839.0,0.0152,1,0
1,1,12475.0,0.0179,1,0
1,1,4877.0,0.0152,1,0
0,0,0.0,0.0,0,0
0,0,0.0,0.0,0,0
0,0,0.0,0.0,0,0
0,0,0.0,0.0,0,0
0,0,0.0,0.0,0,0
0,0,0.0,0.0,0,0
0,0,0.0,0.0,0,0
0,0,0.0,0.0,0,0
0,0,0.0,0.0,0,0
0,0,0.0,0.0,0,0
0,0,0.0,0.0,0,0
0,0,0.0,0.0,0,0
0,0,0.0,0.0,0,0
0,0,0.0,0.0,0,0
0,0,0.0,0.0,0,0
0,0,0.0,0.0,0,0
0,0,0.0,0.0,0,0
0,0,0.0,0.0,0,0
0,0,0.0,0.0,0,0
0,0,0.0,0.0,0,0
0,0,0.0,0.0,0,0
0,0,0.0,0.0,0,0
0,0,0.0,0.0,0,0
0,0,0.0,0.0,0,0
0,0,0.0,0.0,0,0
0,0,0.0,0.0,0,0
0,0,0.0,0.0,0,0
0,0,0.0,0.0,0,0
0,0,0.0,0.0,0,0
0,0,0.0,0.0,0,0
0,0,0.0,0.0,0,0
0,0,0.0,0.0,0,0
0,0,0.0,0.0,0,0
0,0,0.0,0.0,0,0
0,0,0.0,0.0,0,0
0,0,0.0,0.0,0,0
0,0,0.0,0.0,0,0
0,0,0.0,0.0,0,0
0,0,0.0,0.0,0,0
0,0,0.0,0.0,0,0
0,0,0.0,0.0,0,0
0,0,0.0,0.0,0,0
0,0,0.0,0.0,0,0
0,0,0.0,0.0,0,0
0,0,0.0,0.0,0,0
0,0,0.0,0.0,0,0
0,0,0.0,0.0,0,0
0,0,0.0,0.0,0,0
0,0,0.0,0.0,0,0
0,0,0.0,0.0,0,0
0,0,0.0,0.0,0,0
0,0,0.0,0.0,0,0
0,0,0.0,0.0,0,0
0,0,0.0,0.0,0,0
0,0,0.0,0.0,0,0
0,0,0.0,0.0,0,0
0,0,0.0,0.0,0,0
0,0,0.0,0.0,0,0
0,0,0.0,0.0,0,0
0,0,0.0,0.0,0,0
0,0,0.0,0.0,0,0
0,0,0.0,0.0,0,0
0,0,0.0,0.0,0,0
0,0,0.0,0.0,0,0
0,0,0.0,0.0,0,0
0,0,0.0,0.0,0,0
0,0,0.0,0.0,0,0
0,0,0.0,0.0,0,0
0,0,0.0,0.0,0,0
0,0,0.0,0.0,0,0
0,0,0.0,0.0,0,0
0,0,0.0,0.0,0,0
0,0,0.0,0.0,0,0
0,0,0.0,0.0,0,0
0,0,0.0,0.0,0,0
0,0,0.0,0.0,0,0
57,112,2662376.0,0.1119999999999999,98,2
43,111,753832.0,0.1177999999999999,105,2
30,109,160837.0,0.1261,104,2
71,96,10502928.0,0.07,84,1
41,95,851624.0,0.0464,82,2
30,84,304032.0,0.303,66,2
74,76,2278190.0,0.0501,73,2
21,73,758217.0,0.0617999999999999,69,2
47,73,2339081.0,0.0478,66,2
23,63,529627.0,0.0569,58,2
30,59,1608792.0,0.0825999999999999,48,2
52,57,1373261.0,0.0646,53,2
39,54,749178.0,0.0571,48,2
27,51,1647421.0,0.044,48,2
24,47,1311860.0,0.1116,47,2
24,46,1061491.0,0.1297,41,2
13,43,86449.0,0.1398,43,2
16,43,56073.0,0.0416,41,2
35,42,608449.0,0.0969999999999999,41,2
20,41,182364.0,0.1042,38,2
17,41,1060314.0,0.1478,36,2
31,40,1787646.0,0.0395,38,2
31,39,547001.0,0.0818,34,2
20,37,1080292.0,0.0678,35,2
17,33,556479.0,0.0409999999999999,29,2
23,31,534072.0,0.0395999999999999,29,2
16,29,456863.0,0.0294,28,0
11,29,47786.0,0.0344,28,0
7,29,88278.0,0.0333,28,0
14,28,141389.0,0.1346,28,2
24,27,139938.0,0.1889999999999999,25,2
9,27,279045.0,0.0223,23,0
19,27,1319665.0,0.0292,21,2
5,27,26959.0,0.1316,27,0
27,27,634171.0,0.0863,26,2
19,26,173019.0,0.1188,25,2
13,26,163546.0,0.1548,23,0
21,25,293254.0,0.1167,24,2
20,24,807465.0,0.0837,24,2
19,24,1039403.0,0.0611,22,2
14,23,602919.0,0.0375999999999999,22,0
10,22,17651.0,0.0327999999999999,21,0
14,22,269897.0,0.0322,18,0
20,22,830982.0,0.0138,21,0
8,22,99543.0,0.1667,21,0
17,22,1748638.0,0.053,19,2
19,22,222203.0,0.1138,18,0
6,21,169301.0,0.0732,11,0
6,21,163467.0,0.0487999999999999,21,0
15,21,14842.0,0.2027,17,0
6,21,242744.0,0.0364,11,0
10,19,684024.0,0.051,17,0
10,18,232595.0,0.0962,14,0
18,18,55594.0,0.0436,18,0
6,18,36917.0,0.2307999999999999,4,0
14,18,160923.0,0.1591,17,0
12,17,104913.0,0.1143,16,0
6,17,200114.0,0.0368,17,0
14,17,36124.0,0.3043,17,2
11,17,453833.0,0.0487,15,0
10,17,932001.0,0.0633,12,0
4,17,131612.0,0.0377,10,0
7,16,12523.0,0.0824,14,0
13,16,121585.0,0.1711,15,0
12,16,89419.0,0.1739,15,0
15,16,464327.0,0.0938,16,0
8,16,276019.0,0.0381,14,0
11,16,20949.0,0.0382,12,0
15,16,454372.0,0.0256,16,0
14,15,302447.0,0.0496,14,0
6,15,347691.0,0.048,11,0
6,14,60593.0,0.1052999999999999,14,0
8,14,252313.0,0.0491,14,0
5,14,945233.0,0.0194,10,0
5,14,504469.0,0.0713999999999999,14,0
12,14,352459.0,0.0702,14,0
12,14,1896.0,0.0615,12,0
8,14,82039.0,0.1379,14,0
4,14,261715.0,0.0181,14,0
12,13,303747.0,0.0635,13,0
9,13,369524.0,0.0549,11,0
6,13,206906.0,0.1277,13,0
12,13,114315.0,0.0682,13,0
7,13,142375.0,0.1273,13,0
10,13,160725.0,0.0806,10,0
10,12,175502.0,0.098,12,0
9,12,297915.0,0.0536,11,0
9,12,89406.0,0.1429,11,0
11,12,279488.0,0.0803,11,0
10,12,6329.0,0.0487999999999999,11,0
8,12,272191.0,0.0579999999999999,11,0
8,11,29387.0,0.0741,9,0
5,11,86279.0,0.1724,11,0
10,11,41686.0,0.1923,11,0
2,11,74244.0,0.0605999999999999,6,0
10,11,230756.0,0.069,8,0
11,11,228701.0,0.0377,10,0
10,11,254191.0,0.0365,10,0
9,11,126751.0,0.1168999999999999,10,0
10,10,238952.0,0.0542999999999999,10,0
5,10,40975.0,0.1563,8,0
8,10,367679.0,0.05,9,0
9,9,310711.0,0.0667,9,0
9,9,774177.0,0.0957,9,0
8,9,146672.0,0.1052999999999999,9,0
9,9,275794.0,0.0638,9,0
8,8,203191.0,0.0702,8,0
5,8,78105.0,0.0877,7,0
8,8,162276.0,0.0383,7,0
6,8,74135.0,0.1224,6,0
6,8,252206.0,0.0536,4,0
5,8,67125.0,0.0735,6,0
5,8,577669.0,0.0379,7,0
3,8,71087.0,0.12,8,0
4,8,72821.0,0.026,7,0
6,8,56902.0,0.0283999999999999,8,0
7,7,723668.0,0.0475999999999999,7,0
5,7,359661.0,0.0159,6,0
4,7,669174.0,0.0256,5,0
7,7,37736.0,0.1556,6,0
6,7,166321.0,0.12,6,0
4,7,82844.0,0.0605999999999999,5,0
5,7,57878.0,0.0943,7,0
6,7,467815.0,0.0417,7,0
5,7,15094.0,0.0892999999999999,6,0
1,7,605.0,0.0286,7,0
4,7,18111.0,0.0449,5,0
6,7,181674.0,0.0566,7,0
5,6,2354.0,0.0684999999999999,4,0
5,6,178811.0,0.0602,6,0
6,6,33597.0,0.0492,6,0
1,6,19763.0,0.0115,6,0
6,6,32215.0,0.3,5,0
6,6,167065.0,0.0951999999999999,4,0
6,6,218125.0,0.0276,6,0
5,6,291755.0,0.0484999999999999,6,0
3,6,77532.0,0.0612,6,0
3,6,43842.0,0.0441,6,0
6,6,182215.0,0.0822,5,0
4,6,7461.0,0.0513,4,0
3,6,441691.0,0.0938,6,0
3,6,30837.0,0.0810999999999999,6,0
3,6,52772.0,0.0435,3,0
6,6,221151.0,0.1153999999999999,6,0
4,6,75456.0,0.1379,4,0
5,5,2266.0,0.1282,5,0
5,5,250266.0,0.0833,5,0
2,5,52284.0,0.3333,5,0
3,4,68327.0,0.0455,3,0
4,4,73001.0,0.0755,4,0
3,4,41081.0,0.075,2,0
4,4,82994.0,0.0833,3,0
4,4,112356.0,0.1110999999999999,4,0
3,4,138416.0,0.0213,4,0
4,4,212674.0,0.043,4,0
3,3,13687.0,0.1765,3,0
1,3,308356.0,0.0217,1,0
2,3,92354.0,0.0113,3,0
2,3,26066.0,0.0183,3,0
3,3,21002.0,0.0682,3,0
2,3,182313.0,0.0174,3,0
3,3,47.0,0.2727,3,0
2,3,111944.0,0.02,3,0
1,3,68083.0,0.0169,1,0
2,3,35922.0,0.0605999999999999,3,0
2,3,16972.0,0.0243999999999999,3,0
2,3,24454.0,0.0197999999999999,2,0
3,3,10202.0,0.1110999999999999,2,0
1,3,114.0,0.125,3,0
3,3,38392.0,0.0417,3,0
3,3,34545.0,0.0516999999999999,3,0
2,2,66957.0,0.0171,2,0
1,2,15638.0,0.04,2,0
2,2,22269.0,0.0487999999999999,1,0
1,2,555.0,0.0049,1,0
2,2,9013.0,0.08,2,0
2,2,148053.0,0.069,2,0
2,2,32343.0,0.0408,2,0
1,2,56569.0,0.0192,2,0
2,2,261.0,0.0068,1,0
2,2,12751.0,0.0909,2,0
2,2,36171.0,0.0556,2,0
1,2,16281.0,0.1110999999999999,2,0
2,2,965.0,0.0159,2,0
1,2,515.0,0.0625,2,0
1,2,21645.0,0.0243999999999999,2,0
1,2,5274.0,0.0475999999999999,2,0
1,2,3233.0,0.0667,2,0
2,2,71087.0,0.0155,2,0
2,2,129387.0,0.0215,2,0
2,2,76642.0,0.0667,2,0
1,2,48.0,0.0085,2,0
2,2,40456.0,0.0625,2,0
1,2,588.0,0.0833,2,0
2,2,122523.0,0.0172,2,0
2,2,26077.0,0.0769,2,0
1,1,190083.0,0.0196,1,0
1,1,8028.0,0.1,1,0
1,1,351.0,0.0159,1,0
1,1,20575.0,0.037,1,0
1,1,17215.0,0.0345,1,0
1,1,63906.0,0.0175,0,0
1,1,24618.0,0.0116,1,0
1,1,27662.0,0.2,1,0
1,1,16769.0,0.0064,1,0
1,1,5408.0,0.0175,1,0
1,1,7.0,0.037,1,0
1,1,59593.0,0.125,1,0
1,1,93625.0,0.02,1,0
1,1,4546.0,0.02,1,0
1,1,30537.0,0.0222,1,0
1,1,18889.0,0.0278,1,0
1,1,44599.0,0.0588,1,0
1,1,83911.0,0.0713999999999999,1,0
1,1,12476.0,0.0086,1,0
1,1,13342.0,0.0286,1,0
1,1,9514.0,0.0417,1,0
1,1,35679.0,0.0144999999999999,1,0
1,1,58569.0,0.0833,1,0
1,1,47213.0,0.0667,1,0
1,1,124.0,0.04,1,0
0,0,0.0,0.0,0,0
0,0,0.0,0.0,0,0
0,0,0.0,0.0,0,0
0,0,0.0,0.0,0,0
0,0,0.0,0.0,0,0
0,0,0.0,0.0,0,0
0,0,0.0,0.0,0,0
0,0,0.0,0.0,0,0
0,0,0.0,0.0,0,0
0,0,0.0,0.0,0,0
0,0,0.0,0.0,0,0
0,0,0.0,0.0,0,0
0,0,0.0,0.0,0,0
0,0,0.0,0.0,0,0
0,0,0.0,0.0,0,0
0,0,0.0,0.0,0,0
0,0,0.0,0.0,0,0
0,0,0.0,0.0,0,0
0,0,0.0,0.0,0,0
0,0,0.0,0.0,0,0
0,0,0.0,0.0,0,0
0,0,0.0,0.0,0,0
0,0,0.0,0.0,0,0
0,0,0.0,0.0,0,0
0,0,0.0,0.0,0,0
0,0,0.0,0.0,0,0
0,0,0.0,0.0,0,0
0,0,0.0,0.0,0,0
0,0,0.0,0.0,0,0
0,0,0.0,0.0,0,0
0,0,0.0,0.0,0,0
0,0,0.0,0.0,0,0
0,0,0.0,0.0,0,0
0,0,0.0,0.0,0,0
0,0,0.0,0.0,0,0
0,0,0.0,0.0,0,0
0,0,0.0,0.0,0,0
0,0,0.0,0.0,0,0
0,0,0.0,0.0,0,0
0,0,0.0,0.0,0,0
0,0,0.0,0.0,0,0
0,0,0.0,0.0,0,0
0,0,0.0,0.0,0,0
0,0,0.0,0.0,0,0
0,0,0.0,0.0,0,0
0,0,0.0,0.0,0,0
0,0,0.0,0.0,0,0
0,0,0.0,0.0,0,0
0,0,0.0,0.0,0,0
0,0,0.0,0.0,0,0
0,0,0.0,0.0,0,0
0,0,0.0,0.0,0,0
0,0,0.0,0.0,0,0
0,0,0.0,0.0,0,0
0,0,0.0,0.0,0,0
0,0,0.0,0.0,0,0
0,0,0.0,0.0,0,0
0,0,0.0,0.0,0,0
0,0,0.0,0.0,0,0
0,0,0.0,0.0,0,0
0,0,0.0,0.0,0,0
0,0,0.0,0.0,0,0
0,0,0.0,0.0,0,0
0,0,0.0,0.0,0,0
0,0,0.0,0.0,0,0
0,0,0.0,0.0,0,0
0,0,0.0,0.0,0,0
0,0,0.0,0.0,0,0
0,0,0.0,0.0,0,0
0,0,0.0,0.0,0,0
0,0,0.0,0.0,0,0
0,0,0.0,0.0,0,0
0,0,0.0,0.0,0,0
0,0,0.0,0.0,0,0
0,0,0.0,0.0,0,0
0,0,0.0,0.0,0,0
0,0,0.0,0.0,0,0
0,0,0.0,0.0,0,0
50,151,1161424.0,0.0416,141,2
124,137,14583639.0,0.0935999999999999,132,1
96,134,4457025.0,0.0666,127,1
108,128,1922533.0,0.0831,122,1
11,108,240632.0,0.0542,108,2
45,101,731073.0,0.1023,96,2
47,95,1996798.0,0.0911,88,2
19,77,134197.0,0.1267,76,2
12,77,617484.0,0.0538,69,2
27,73,110093.0,0.1256,73,2
26,72,581072.0,0.0798,71,2
41,69,734985.0,0.0865,67,2
62,69,2056544.0,0.0494,64,2
17,65,847141.0,0.0759,65,2
49,64,889489.0,0.0623,61,2
32,63,1372315.0,0.1107,63,2
24,56,270554.0,0.1236999999999999,56,2
34,51,1201431.0,0.0535,51,2
24,50,1046716.0,0.0399,50,2
17,49,579794.0,0.0353,49,2
39,49,319831.0,0.1866,45,2
31,49,1658649.0,0.0511,44,2
31,47,768173.0,0.0816,47,2
25,47,1909711.0,0.0406,46,2
32,43,1731707.0,0.0944,42,2
27,41,1304806.0,0.0888,37,2
21,41,584188.0,0.0498,41,2
15,40,4363.0,0.0475999999999999,40,2
33,39,1253786.0,0.0339,37,2
18,38,1045964.0,0.1417,38,2
9,37,286117.0,0.1607,33,2
22,36,959439.0,0.0791,33,2
25,35,589242.0,0.0462,35,2
32,35,1219055.0,0.0964,34,2
7,34,933401.0,0.0365,34,2
12,32,22582.0,0.0443,32,0
14,32,119643.0,0.1429,32,2
25,32,750686.0,0.1064,31,2
20,29,815111.0,0.0348,29,2
13,29,496995.0,0.0542,27,0
10,29,211759.0,0.0575,29,0
17,28,704408.0,0.0375,26,0
17,26,658006.0,0.0977,26,2
19,26,59925.0,0.0603,24,0
10,26,246067.0,0.0645,26,0
21,26,686748.0,0.0761,26,2
14,26,495629.0,0.0562,26,0
14,25,152499.0,0.1284,25,0
7,25,505753.0,0.0217,22,0
16,23,1321121.0,0.0708,23,2
20,23,443283.0,0.08,20,0
22,22,249435.0,0.1571,22,2
17,21,443617.0,0.0717,20,0
10,20,1272510.0,0.0352,19,0
19,20,539348.0,0.045,20,0
17,20,337514.0,0.0403,20,0
12,20,141506.0,0.1667,18,0
18,20,45482.0,0.2278,20,2
1,20,470723.0,0.0435,20,0
5,19,147654.0,0.0458999999999999,15,0
19,19,1045615.0,0.05,19,0
15,19,209199.0,0.0754,19,0
17,18,798807.0,0.043,18,0
17,18,78854.0,0.1441,18,0
15,18,214573.0,0.1144999999999999,16,0
13,17,611593.0,0.0458,16,0
4,17,217645.0,0.0278,17,0
14,17,151988.0,0.0993,17,0
13,16,187636.0,0.0389,16,0
7,15,68252.0,0.0686,13,0
6,15,179384.0,0.0541,15,0
12,15,110947.0,0.1667,15,0
14,15,283222.0,0.0778,14,0
4,15,20894.0,0.1905,15,0
5,13,34744.0,0.0781,13,0
11,13,9763.0,0.1089,13,0
10,13,241535.0,0.0735,10,0
7,13,212394.0,0.1556,13,0
4,13,55627.0,0.3636,9,0
7,13,357837.0,0.0886,13,0
9,12,1131167.0,0.0796,11,0
10,12,955215.0,0.0338,11,0
7,12,129128.0,0.1110999999999999,12,0
7,12,33256.0,0.0374,10,0
12,12,361924.0,0.0566,12,0
9,11,147976.0,0.0989,11,0
9,11,382826.0,0.0404,11,0
11,11,468167.0,0.0126,11,0
9,10,994753.0,0.0692,10,0
7,10,264709.0,0.0519,9,0
9,10,41352.0,0.1578999999999999,9,0
8,10,211711.0,0.1039,10,0
9,10,1144120.0,0.0833,8,0
7,10,261554.0,0.0417,7,0
8,10,314578.0,0.0672,10,0
6,10,66956.0,0.1538,8,0
4,10,92369.0,0.0392,10,0
8,10,102546.0,0.125,8,0
4,9,119375.0,0.0951999999999999,8,0
8,9,211975.0,0.0611,8,0
8,9,144235.0,0.0352,9,0
8,9,105509.0,0.025,9,0
9,9,50748.0,0.1084,9,0
7,9,79994.0,0.1,9,0
8,9,136717.0,0.0851,8,0
7,9,305903.0,0.1944,9,0
7,9,1038370.0,0.0219,7,0
8,9,57002.0,0.093,9,0
9,9,59774.0,0.1168999999999999,8,0
6,8,141613.0,0.0321,8,0
5,8,551417.0,0.0526,8,0
6,8,66954.0,0.1277,7,0
7,8,58775.0,0.0753,8,0
7,8,73546.0,0.1667,6,0
6,8,307412.0,0.0541,8,0
7,8,16113.0,0.2414,8,0
3,8,128346.0,0.0713999999999999,8,0
5,8,73673.0,0.1135999999999999,7,0
8,8,411782.0,0.0941,7,0
5,7,345095.0,0.0178,7,0
7,7,36971.0,0.0667,7,0
6,7,275534.0,0.0674,6,0
4,7,857573.0,0.0385,7,0
4,7,103323.0,0.093,7,0
6,7,247362.0,0.0667,6,0
6,7,403909.0,0.0469,5,0
5,7,33597.0,0.1724,7,0
6,7,65112.0,0.0513,9,0
6,7,265773.0,0.0335,6,0
6,6,69564.0,0.1277,6,0
2,6,21268.0,0.0102,6,0
4,6,54198.0,0.0571,7,0
4,6,152797.0,0.0494,5,0
6,6,13478.0,0.1071,6,0
5,6,85681.0,0.0329,6,0
6,6,46825.0,0.0833,6,0
5,6,976.0,0.0438999999999999,6,0
5,6,129654.0,0.0256,5,0
6,6,123616.0,0.0269,6,0
5,6,18745.0,0.1471,6,0
5,6,117819.0,0.0373,6,0
6,6,120484.0,0.0279,6,0
3,6,315167.0,0.0588,6,0
6,6,76478.0,0.0857,6,0
4,5,25431.0,0.0909,5,0
5,5,94426.0,0.0892999999999999,5,0
3,5,39051.0,0.1153999999999999,5,0
4,5,84485.0,0.0214,5,0
5,5,110939.0,0.1351,5,0
2,5,12298.0,0.0317,5,0
5,5,348378.0,0.0342,5,0
5,5,226009.0,0.2380999999999999,5,0
5,5,211669.0,0.0625,4,0
3,5,150351.0,0.0169,5,0
5,5,65387.0,0.122,5,0
4,5,66582.0,0.1739,5,0
4,4,28722.0,0.1143,4,0
4,4,52309.0,0.0465,4,0
3,4,6449.0,0.1110999999999999,4,0
2,4,209758.0,0.0227,4,0
1,4,93295.0,0.0356999999999999,2,0
1,4,8075.0,0.0263,4,0
3,4,242972.0,0.0275,4,0
3,4,165804.0,0.0968,4,0
4,4,142099.0,0.0625,3,0
3,4,103306.0,0.0265,4,0
4,4,161593.0,0.0121999999999999,4,0
4,4,57619.0,0.0645,4,0
1,3,14835.0,0.0313,3,0
3,3,1631.0,0.1304,3,0
3,3,2664.0,0.0275,3,0
3,3,12245.0,0.0713999999999999,3,0
3,3,15855.0,0.05,3,0
3,3,169988.0,0.0526,3,0
3,3,139914.0,0.0361,2,0
3,3,33384.0,0.0769,3,0
2,3,218.0,0.0356999999999999,3,0
2,3,76667.0,0.0317,3,0
2,2,5473.0,0.0286,2,0
2,2,51032.0,0.0127,2,0
2,2,61423.0,0.0605999999999999,2,0
2,2,636.0,0.0247,2,0
1,2,34914.0,0.0208,0,0
2,2,197798.0,0.0138,2,0
2,2,27766.0,0.0109,1,0
2,2,77618.0,0.0392,2,0
1,2,60622.0,0.0263,2,0
2,2,16774.0,0.069,2,0
2,2,44706.0,0.0196,2,0
2,2,43868.0,0.1538,2,0
1,2,15492.0,0.0256,2,0
2,2,22204.0,0.1110999999999999,2,0
2,2,20553.0,0.0152,1,0
2,2,24223.0,0.1818,2,0
1,1,100251.0,0.0118,1,0
1,1,83029.0,0.0455,1,0
1,1,49079.0,0.0161,1,0
1,1,19233.0,0.0161,1,0
1,1,115288.0,0.2,1,0
1,1,16172.0,0.037,1,0
1,1,6704.0,0.0175,1,0
1,1,10703.0,0.1667,1,0
1,1,895.0,0.0455,1,0
1,1,75399.0,0.027,0,0
1,1,5976.0,0.0222,1,0
1,1,1052.0,0.0237999999999999,1,0
1,1,76.0,0.0323,1,0
1,1,6877.0,1.0,1,2
1,1,62861.0,0.0204,1,0
1,1,23806.0,0.0222,1,0
1,1,1624.0,0.0141,1,0
1,1,38275.0,0.05,1,0
1,1,19397.0,0.0556,1,0
1,1,33568.0,0.1,1,0
1,1,675.0,0.0263,1,0
1,1,3328.0,0.0081,1,0
1,1,15332.0,0.0833,1,0
0,0,0.0,0.0,0,0
0,0,0.0,0.0,0,0
0,0,0.0,0.0,0,0
0,0,0.0,0.0,0,0
0,0,0.0,0.0,0,0
0,0,0.0,0.0,0,0
0,0,0.0,0.0,0,0
0,0,0.0,0.0,0,0
0,0,0.0,0.0,0,0
0,0,0.0,0.0,0,0
0,0,0.0,0.0,0,0
0,0,0.0,0.0,0,0
0,0,0.0,0.0,0,0
0,0,0.0,0.0,0,0
0,0,0.0,0.0,0,0
0,0,0.0,0.0,0,0
0,0,0.0,0.0,0,0
0,0,0.0,0.0,0,0
0,0,0.0,0.0,0,0
0,0,0.0,0.0,0,0
0,0,0.0,0.0,0,0
0,0,0.0,0.0,0,0
0,0,0.0,0.0,0,0
0,0,0.0,0.0,0,0
0,0,0.0,0.0,0,0
0,0,0.0,0.0,0,0
0,0,0.0,0.0,0,0
0,0,0.0,0.0,0,0
0,0,0.0,0.0,0,0
0,0,0.0,0.0,0,0
0,0,0.0,0.0,0,0
0,0,0.0,0.0,0,0
0,0,0.0,0.0,0,0
0,0,0.0,0.0,0,0
0,0,0.0,0.0,0,0
0,0,0.0,0.0,0,0
0,0,0.0,0.0,0,0
0,0,0.0,0.0,0,0
0,0,0.0,0.0,0,0
0,0,0.0,0.0,0,0
0,0,0.0,0.0,0,0
0,0,0.0,0.0,0,0
0,0,0.0,0.0,0,0
0,0,0.0,0.0,0,0
0,0,0.0,0.0,0,0
0,0,0.0,0.0,0,0
0,0,0.0,0.0,0,0
0,0,0.0,0.0,0,0
0,0,0.0,0.0,0,0
0,0,0.0,0.0,0,0
0,0,0.0,0.0,0,0
0,0,0.0,0.0,0,0
0,0,0.0,0.0,0,0
0,0,0.0,0.0,0,0
0,0,0.0,0.0,0,0
0,0,0.0,0.0,0,0
0,0,0.0,0.0,0,0
0,0,0.0,0.0,0,0
0,0,0.0,0.0,0,0
0,0,0.0,0.0,0,0
0,0,0.0,0.0,0,0
0,0,0.0,0.0,0,0
0,0,0.0,0.0,0,0
0,0,0.0,0.0,0,0
0,0,0.0,0.0,0,0
0,0,0.0,0.0,0,0
0,0,0.0,0.0,0,0
0,0,0.0,0.0,0,0
0,0,0.0,0.0,0,0
0,0,0.0,0.0,0,0
0,0,0.0,0.0,0,0
0,0,0.0,0.0,0,0
0,0,0.0,0.0,0,0
0,0,0.0,0.0,0,0
0,0,0.0,0.0,0,0
0,0,0.0,0.0,0,0
0,0,0.0,0.0,0,0
0,0,0.0,0.0,0,0
0,0,0.0,0.0,0,0
0,0,0.0,0.0,0,0
0,0,0.0,0.0,0,0
0,0,0.0,0.0,0,0
0,0,0.0,0.0,0,0
0,0,0.0,0.0,0,0
0,0,0.0,0.0,0,0
0,0,0.0,0.0,0,0
0,0,0.0,0.0,0,0
0,0,0.0,0.0,0,0
0,0,0.0,0.0,0,0
0,0,0.0,0.0,0,0
0,0,0.0,0.0,0,0
0,0,0.0,0.0,0,0
0,0,0.0,0.0,0,0
0,0,0.0,0.0,0,0
0,0,0.0,0.0,0,0
162,293,3515014.0,0.1123,278,1
86,277,5273671.0,0.1293,272,1
138,169,2619627.0,0.0669,167,1
8,114,660025.0,0.1,61,2
29,107,14833.0,0.1324,107,2
44,105,987781.0,0.0868,100,2
54,100,3853359.0,0.0530999999999999,83,1
37,91,709098.0,0.043,91,2
30,88,1152304.0,0.0674,78,2
66,85,2794998.0,0.0653,84,2
60,81,3480421.0,0.0992,78,2
67,80,8298271.0,0.076,77,1
41,78,1598830.0,0.0666,72,2
33,69,835077.0,0.0588999999999999,62,2
21,63,924245.0,0.0521,63,2
21,62,539283.0,0.0565,60,2
27,61,424366.0,0.0765,58,2
57,59,1820186.0,0.0471,58,2
20,57,586161.0,0.0722,57,2
26,54,625003.0,0.0749,53,2
48,53,1826348.0,0.0337,51,2
20,50,185205.0,0.2082999999999999,50,2
42,50,99803.0,0.0789,48,2
24,47,402321.0,0.0984,46,2
27,47,1368196.0,0.0843999999999999,46,2
6,47,86454.0,0.0293,47,2
44,45,1062194.0,0.0815,45,2
27,41,545365.0,0.0816,41,2
26,38,1143654.0,0.1354,37,2
26,38,1134013.0,0.064,35,2
28,38,1406857.0,0.0538999999999999,37,2
15,37,63821.0,0.1402,37,2
13,37,617714.0,0.0579999999999999,36,2
9,33,330476.0,0.0338,33,0
24,30,1815080.0,0.037,29,2
22,29,35766.0,0.0504999999999999,26,0
20,28,124667.0,0.1351,28,2
21,28,955072.0,0.0917,28,2
6,27,289497.0,0.0377,27,0
21,27,399166.0,0.0513,27,2
14,26,706854.0,0.1101999999999999,24,2
16,26,657227.0,0.0424,25,0
9,25,101378.0,0.1837,25,0
15,25,156916.0,0.1685,25,2
20,25,287063.0,0.1503999999999999,24,2
17,24,565413.0,0.063,24,0
13,24,51383.0,0.3171,22,2
14,24,219435.0,0.0819,23,0
13,24,155382.0,0.0742999999999999,24,0
13,23,1529693.0,0.0344,22,0
19,23,170377.0,0.1651999999999999,23,2
18,23,411221.0,0.0928,23,0
17,23,580131.0,0.0421,22,0
13,22,609138.0,0.0498,21,0
18,21,685659.0,0.1047,20,0
19,21,1469712.0,0.0848,20,2
18,20,230078.0,0.0366999999999999,20,0
13,20,125594.0,0.1857,19,0
13,20,120531.0,0.1368,20,0
12,20,207818.0,0.2105,20,0
18,19,508124.0,0.0554,18,0
13,19,14003.0,0.1687999999999999,16,0
7,19,360064.0,0.0241,19,0
14,18,757305.0,0.0399,16,0
9,18,501824.0,0.0529,18,0
14,18,339577.0,0.0391,17,0
9,18,255266.0,0.1364,18,0
11,17,311825.0,0.0791,15,0
12,17,99629.0,0.1176,12,0
13,17,673923.0,0.0596,15,0
13,17,741614.0,0.0492,17,0
5,17,392287.0,0.0258,17,0
13,16,4387.0,0.0807,15,0
8,16,918649.0,0.0449,15,0
15,16,824797.0,0.038,16,0
12,16,411962.0,0.0403,14,0
7,15,241933.0,0.0208,15,0
12,15,369661.0,0.0210999999999999,13,0
7,14,76411.0,0.3043,14,0
9,14,359698.0,0.0423,14,0
5,14,742991.0,0.0481,14,0
8,14,113779.0,0.1702,12,0
4,13,98577.0,0.019,13,0
3,13,9708.0,0.25,13,0
8,13,358855.0,0.0432,13,0
11,13,152705.0,0.0713999999999999,13,0
9,13,126203.0,0.1110999999999999,12,0
11,12,1337490.0,0.0815,10,0
9,12,160955.0,0.1233,12,0
10,12,202201.0,0.0431,12,0
3,12,96988.0,0.0576999999999999,12,0
10,11,389909.0,0.0361,11,0
11,11,66618.0,0.1067999999999999,11,0
11,11,21861.0,0.0493,11,0
11,11,346002.0,0.0513999999999999,11,0
9,11,133168.0,0.1011,11,0
4,10,54486.0,0.0562999999999999,10,0
6,10,194355.0,0.12,10,0
5,10,23587.0,0.0542999999999999,10,0
9,10,114821.0,0.0533,10,0
7,10,451332.0,0.1,10,0
8,10,789199.0,0.0281,9,0
9,10,228215.0,0.25,9,0
9,10,161652.0,0.0874,10,0
9,10,21787.0,0.1837,10,0
7,10,60557.0,0.0654,9,0
7,10,144381.0,0.0252,10,0
8,10,104944.0,0.1481,10,0
7,9,154356.0,0.0289,9,0
5,8,23875.0,0.0595,5,0
7,8,244806.0,0.0630999999999999,8,0
7,8,192304.0,0.0458,7,0
7,8,333564.0,0.0245,8,0
5,7,62164.0,0.2941,7,0
6,7,56045.0,0.0938,7,0
5,7,74314.0,0.1,7,0
7,7,6452.0,0.1842,7,0
7,7,122972.0,0.047,7,0
7,7,141278.0,0.0354,7,0
4,7,157141.0,0.0579999999999999,7,0
6,7,41545.0,0.1153999999999999,7,0
4,7,112118.0,0.093,7,0
4,7,537315.0,0.2353,6,0
7,7,242568.0,0.0265,7,0
3,6,81405.0,0.0625,4,0
6,6,123062.0,0.0923,6,0
5,6,19041.0,0.0833,6,0
4,6,95755.0,0.1052999999999999,6,0
6,6,80918.0,0.0882,6,0
4,6,119546.0,0.0227,6,0
4,6,32298.0,0.0816,6,0
5,6,17797.0,0.1613,5,0
2,6,119223.0,0.0144,6,0
4,6,169788.0,0.0533,6,0
6,6,141695.0,0.0822,6,0
6,6,234261.0,0.0208,6,0
4,5,182992.0,0.0408,5,0
4,5,410842.0,0.0317,4,0
4,5,44962.0,0.0256,5,0
5,5,124793.0,0.0658,5,0
2,5,46561.0,0.0385,5,0
4,5,173719.0,0.0209,5,0
3,5,8473.0,0.12,5,0
4,5,56382.0,0.0513,4,0
4,5,35645.0,0.08,5,0
5,5,129396.0,0.0239,5,0
4,4,111625.0,0.0385,4,0
4,4,102151.0,0.0678,4,0
2,4,40265.0,0.027,4,0
4,4,212297.0,0.0381,4,0
3,4,204632.0,0.04,4,0
2,4,65085.0,0.0769,4,0
3,4,14435.0,0.0469,4,0
2,4,6563.0,0.125,4,0
4,4,35442.0,0.0465,4,0
3,4,164496.0,0.0196,4,0
4,4,209974.0,0.0412,4,0
2,4,30112.0,0.0377,4,0
3,4,62412.0,0.0713999999999999,4,0
4,4,37698.0,0.0233,4,0
4,4,35346.0,0.125,4,0
3,4,69645.0,0.1304,4,0
3,4,107994.0,0.0217,4,0
4,4,65838.0,0.0533,4,0
3,4,44757.0,0.075,4,0
3,4,14435.0,0.0178,4,0
2,3,20741.0,0.0588,2,0
3,3,56598.0,0.04,3,0
3,3,351.0,0.0273,3,0
1,3,3376.0,0.0182,3,0
3,3,60096.0,0.0769,3,0
2,3,199507.0,0.0148,2,0
2,3,12888.0,0.0313,3,0
1,2,87297.0,0.0083,2,0
2,2,73069.0,0.0185,2,0
1,2,6778.0,0.0144999999999999,2,0
2,2,172409.0,0.0256,2,0
2,2,36749.0,0.0465,2,0
1,2,634.0,0.0062,2,0
2,2,65415.0,0.0299,2,0
2,2,10463.0,0.0833,2,0
2,2,12313.0,0.0196,2,0
1,2,32067.0,0.0227,2,0
2,2,14443.0,0.08,2,0
1,2,16.0,0.013,2,0
2,2,65459.0,0.0645,2,0
2,2,215.0,0.026,2,0
2,2,8469.0,0.25,2,0
2,2,93634.0,0.0408,2,0
2,2,18677.0,0.0163,2,0
2,2,15171.0,0.0192,2,0
1,2,99175.0,0.0103,2,0
2,2,129399.0,0.0064,2,0
2,2,33634.0,0.0075,2,0
1,2,116252.0,0.0185,2,0
1,2,222467.0,0.0161,2,0
1,2,10396.0,0.0204,2,0
2,2,64622.0,0.0157,2,0
2,2,2357.0,0.1110999999999999,2,0
2,2,2729.0,0.0174,2,0
1,1,4727.0,0.0323,1,0
1,1,39.0,0.0417,0,0
1,1,5544.0,0.0909,1,0
1,1,7957.0,0.0323,1,0
1,1,29132.0,0.0435,1,0
1,1,47.0,0.0192,1,0
1,1,27733.0,0.0588,1,0
1,1,12561.0,0.0073,1,0
1,1,31354.0,0.0152,1,0
1,1,1323.0,0.0139,1,0
1,1,131243.0,0.0526,1,0
1,1,18407.0,0.0333,1,0
1,1,22553.0,0.0196,1,0
1,1,30102.0,0.0115,1,0
1,1,43197.0,0.0072,1,0
1,1,27.0,0.05,1,0
1,1,23515.0,0.0435,1,0
1,1,3766.0,0.1667,1,0
1,1,1591.0,0.0667,1,0
1,1,44804.0,1.0,1,2
1,1,17262.0,0.0345,1,0
1,1,2617.0,0.0135,1,0
1,1,10916.0,0.027,1,0
1,1,29167.0,0.3333,1,0
1,1,57365.0,0.0185,1,0
1,1,60176.0,0.0098999999999999,1,0
0,0,0.0,0.0,0,0
0,0,0.0,0.0,0,0
0,0,0.0,0.0,0,0
0,0,0.0,0.0,0,0
0,0,0.0,0.0,0,0
0,0,0.0,0.0,0,0
0,0,0.0,0.0,0,0
0,0,0.0,0.0,0,0
0,0,0.0,0.0,0,0
0,0,0.0,0.0,0,0
0,0,0.0,0.0,0,0
0,0,0.0,0.0,0,0
0,0,0.0,0.0,0,0
0,0,0.0,0.0,0,0
0,0,0.0,0.0,0,0
0,0,0.0,0.0,0,0
0,0,0.0,0.0,0,0
0,0,0.0,0.0,0,0
0,0,0.0,0.0,0,0
0,0,0.0,0.0,0,0
0,0,0.0,0.0,0,0
0,0,0.0,0.0,0,0
0,0,0.0,0.0,0,0
0,0,0.0,0.0,0,0
0,0,0.0,0.0,0,0
0,0,0.0,0.0,0,0
0,0,0.0,0.0,0,0
0,0,0.0,0.0,0,0
0,0,0.0,0.0,0,0
0,0,0.0,0.0,0,0
0,0,0.0,0.0,0,0
0,0,0.0,0.0,0,0
0,0,0.0,0.0,0,0
0,0,0.0,0.0,0,0
0,0,0.0,0.0,0,0
0,0,0.0,0.0,0,0
0,0,0.0,0.0,0,0
0,0,0.0,0.0,0,0
0,0,0.0,0.0,0,0
0,0,0.0,0.0,0,0
0,0,0.0,0.0,0,0
0,0,0.0,0.0,0,0
0,0,0.0,0.0,0,0
0,0,0.0,0.0,0,0
0,0,0.0,0.0,0,0
0,0,0.0,0.0,0,0
0,0,0.0,0.0,0,0
0,0,0.0,0.0,0,0
0,0,0.0,0.0,0,0
0,0,0.0,0.0,0,0
0,0,0.0,0.0,0,0
0,0,0.0,0.0,0,0
0,0,0.0,0.0,0,0
0,0,0.0,0.0,0,0
0,0,0.0,0.0,0,0
0,0,0.0,0.0,0,0
0,0,0.0,0.0,0,0
0,0,0.0,0.0,0,0
0,0,0.0,0.0,0,0
0,0,0.0,0.0,0,0
0,0,0.0,0.0,0,0
0,0,0.0,0.0,0,0
0,0,0.0,0.0,0,0
0,0,0.0,0.0,0,0
0,0,0.0,0.0,0,0
0,0,0.0,0.0,0,0
0,0,0.0,0.0,0,0
0,0,0.0,0.0,0,0
0,0,0.0,0.0,0,0
0,0,0.0,0.0,0,0
0,0,0.0,0.0,0,0
0,0,0.0,0.0,0,0
0,0,0.0,0.0,0,0
0,0,0.0,0.0,0,0
0,0,0.0,0.0,0,0
0,0,0.0,0.0,0,0
0,0,0.0,0.0,0,0
0,0,0.0,0.0,0,0
0,0,0.0,0.0,0,0
0,0,0.0,0.0,0,0
0,0,0.0,0.0,0,0
0,0,0.0,0.0,0,0
0,0,0.0,0.0,0,0
0,0,0.0,0.0,0,0
0,0,0.0,0.0,0,0
0,0,0.0,0.0,0,0
0,0,0.0,0.0,0,0
0,0,0.0,0.0,0,0
0,0,0.0,0.0,0,0
0,0,0.0,0.0,0,0
153,187,2840230.0,0.0922,179,1
105,160,4572845.0,0.1898999999999999,154,1
90,159,1812350.0,0.1213,154,1
85,144,3487509.0,0.138,140,1
53,127,1461834.0,0.0764,124,2
77,122,3954881.0,0.0674,110,1
53,114,2300831.0,0.0554,108,2
83,108,4859537.0,0.0891,105,1
81,99,9368917.0,0.0902999999999999,94,1
41,99,683178.0,0.1188,95,2
27,94,134833.0,0.1698,91,2
37,85,2675460.0,0.0784,79,2
28,83,145289.0,0.2617,81,2
42,81,322117.0,0.236,78,2
36,77,647007.0,0.0445,69,2
63,73,2142800.0,0.0506,69,2
33,69,890012.0,0.0828999999999999,68,2
35,63,1192467.0,0.1675,60,2
23,61,1837747.0,0.162,57,2
51,58,1339438.0,0.0698,56,2
31,55,1466204.0,0.1174,54,2
44,55,1107330.0,0.08,54,2
31,51,992437.0,0.0552,48,2
22,49,450199.0,0.0741,49,2
30,48,734771.0,0.0649,48,2
18,47,40556.0,0.0487999999999999,47,2
32,45,288626.0,0.1583999999999999,41,2
38,44,1144757.0,0.1134,44,2
21,43,77098.0,0.0654,43,2
18,41,591456.0,0.0588,41,2
24,41,225786.0,0.1153999999999999,31,2
19,41,15656.0,0.1681,41,2
37,40,2290152.0,0.0334,36,2
36,39,1286987.0,0.0441999999999999,37,2
7,38,96781.0,0.0393,38,0
15,38,303046.0,0.0704,38,2
22,37,988524.0,0.0643,26,2
21,35,255604.0,0.1591,35,2
16,34,601632.0,0.0447,29,2
20,33,919914.0,0.0669,31,2
10,28,671037.0,0.0322,27,0
21,28,1070199.0,0.0393,28,2
22,28,407657.0,0.0541,24,2
19,26,297195.0,0.0433,23,0
20,26,34809.0,0.16,26,2
18,25,397002.0,0.1593,25,2
8,23,103811.0,0.0964,23,0
15,23,344824.0,0.0435,21,0
14,23,622874.0,0.049,19,0
14,23,150455.0,0.14,23,0
16,23,4802.0,0.2807,20,2
9,22,270984.0,0.0398,19,0
14,22,129818.0,0.1667,20,0
20,22,1562411.0,0.0847,22,2
12,22,367616.0,0.0256999999999999,22,0
16,21,577799.0,0.0833,17,0
15,20,436179.0,0.0403,20,0
9,19,132796.0,0.0356999999999999,19,0
14,19,153177.0,0.2332999999999999,19,2
6,19,121318.0,0.0984,19,0
17,19,200019.0,0.0769,19,0
13,17,328779.0,0.0798,16,0
9,17,1323.0,0.125,16,0
10,17,35369.0,0.3448,13,2
14,17,527349.0,0.0843,17,0
10,17,173957.0,0.1389,16,0
5,16,389093.0,0.0684999999999999,10,0
10,15,385837.0,0.0917,12,0
11,15,27495.0,0.0472,15,0
13,15,58032.0,0.2364,15,0
12,15,481006.0,0.0984,14,0
9,14,142341.0,0.1429,14,0
12,14,149572.0,0.1101,13,0
10,14,707016.0,0.0362,13,0
13,13,376637.0,0.0464,13,0
12,13,186878.0,0.1026,12,0
11,12,290821.0,0.0821,9,0
9,12,321951.0,0.0508,12,0
11,12,262533.0,0.0533999999999999,10,0
12,12,42005.0,0.0755,12,0
11,12,244516.0,0.0489,12,0
11,11,60551.0,0.1196,11,0
11,11,113004.0,0.1429,11,0
9,11,387441.0,0.0464,10,0
9,11,102972.0,0.1698,11,0
6,11,5192.0,0.1176,11,0
7,11,17854.0,0.2414,11,0
10,11,1002896.0,0.0935,10,0
9,11,127286.0,0.0776,11,0
6,11,8411.0,0.0324,11,0
7,11,196197.0,0.0306999999999999,11,0
10,11,480719.0,0.0341,10,0
6,10,287876.0,0.0882,10,0
9,10,228496.0,0.032,9,0
7,10,112953.0,0.0401999999999999,10,0
8,10,710061.0,0.051,10,0
7,10,322315.0,0.0713999999999999,9,0
10,10,77973.0,0.1449,10,0
9,10,310756.0,0.0891,9,0
9,10,121725.0,0.0324,9,0
7,9,333341.0,0.0921,9,0
6,9,48737.0,0.1578999999999999,8,0
9,9,119118.0,0.0647,9,0
9,9,4767.0,0.225,9,0
3,9,110634.0,0.0279999999999999,9,0
7,9,115091.0,0.1094,9,0
7,9,220442.0,0.0461,9,0
7,9,170953.0,0.0559999999999999,9,0
7,9,61235.0,0.1795,9,0
4,9,158084.0,0.1176,7,0
9,9,96491.0,0.1636,9,0
7,8,167431.0,0.0745,7,0
6,8,47981.0,0.0909,8,0
5,8,85184.0,0.0658,8,0
7,8,159741.0,0.0461,8,0
8,8,133887.0,0.0833,8,0
3,8,94541.0,0.0231,8,0
6,8,96371.0,0.0682,8,0
6,8,147589.0,0.0274,8,0
8,8,283477.0,0.046,8,0
4,8,212459.0,0.0404,8,0
6,7,78678.0,0.1132,7,0
7,7,296148.0,0.026,7,0
5,7,67757.0,0.0202,7,0
7,7,202295.0,0.068,7,0
6,7,406155.0,0.0508,7,0
4,7,65983.0,0.0635,7,0
7,7,250513.0,0.0383,6,0
5,7,37651.0,0.1316,5,0
7,7,81394.0,0.0897,7,0
6,6,645433.0,0.0496,6,0
5,6,151726.0,0.0562,5,0
4,6,37402.0,0.129,6,0
6,6,52858.0,0.1714,6,0
5,6,249867.0,0.0806,5,0
2,6,4425.0,0.0192,6,0
4,6,133273.0,0.0471,6,0
6,6,133036.0,0.1110999999999999,6,0
4,6,142182.0,0.036,6,0
4,6,19102.0,0.1,6,0
6,6,380546.0,0.0167,6,0
5,6,199385.0,0.0213,6,0
4,6,154882.0,0.0615,4,0
5,6,261924.0,0.0617,4,0
5,6,200966.0,0.0336,5,0
3,5,16655.0,0.0417,3,0
5,5,246362.0,0.0694,5,0
4,5,94473.0,0.0348,5,0
3,5,54207.0,0.027,5,0
4,5,236143.0,0.0364,5,0
4,5,25704.0,0.0579999999999999,5,0
3,5,136.0,0.0667,5,0
2,5,816.0,0.0323,5,0
4,5,33105.0,0.0741,5,0
3,5,57177.0,0.0423,5,0
5,5,49902.0,0.0833,5,0
5,5,43867.0,0.0926,5,0
3,5,7833.0,0.1110999999999999,5,0
5,5,71127.0,0.0458999999999999,5,0
2,4,240567.0,0.0217,4,0
3,4,32363.0,0.1364,4,0
3,4,211256.0,0.0123,4,0
4,4,5803.0,0.1081,4,0
4,4,53429.0,0.1081,4,0
3,4,33123.0,0.0361,3,0
3,4,28913.0,0.15,2,0
3,4,1002.0,0.0353,4,0
4,4,42549.0,0.0635,4,0
2,4,15662.0,0.023,3,0
3,4,251576.0,0.0361,4,0
4,4,85607.0,0.0200999999999999,4,0
2,4,77414.0,0.0079,4,0
3,4,49028.0,0.039,3,0
4,4,110892.0,0.0325,4,0
2,3,5596.0,0.0339,3,0
3,3,116289.0,0.0229,3,0
3,3,114826.0,0.037,3,0
3,3,53084.0,0.0353,3,0
3,3,1505.0,0.0492,3,0
3,3,35916.0,0.0810999999999999,3,0
3,3,213842.0,0.0536,3,0
2,3,284494.0,0.0266999999999999,2,0
2,3,73491.0,0.0317,3,0
2,3,57514.0,0.0282,3,0
2,2,123065.0,0.0323,2,0
2,2,9392.0,0.1176,2,0
2,2,683161.0,0.0282,1,0
2,2,15133.0,0.0513,2,0
2,2,90248.0,0.1667,2,0
1,2,194342.0,0.0075,2,0
2,2,108325.0,0.0225,2,0
2,2,110427.0,0.0156,2,0
2,2,41255.0,0.0465,1,0
2,2,53835.0,0.0605999999999999,2,0
1,2,136.0,0.0111,2,0
2,2,128.0,0.0475999999999999,2,0
2,2,15158.0,0.0235,2,0
2,2,33975.0,0.01,2,0
2,2,162249.0,0.0118,1,0
2,2,32664.0,0.0172,2,0
2,2,65475.0,0.0111,2,0
1,1,135405.0,1.0,1,2
1,1,115341.0,0.0163999999999999,1,0
1,1,104292.0,0.0139,1,0
1,1,101995.0,0.0054,0,0
1,1,8753.0,0.0064,1,0
1,1,39484.0,0.1110999999999999,1,0
1,1,26348.0,0.0526,1,0
1,1,26.0,0.0192,1,0
1,1,442.0,0.0222,1,0
1,1,76621.0,0.0263,1,0
1,1,12924.0,0.0077,1,0
1,1,39237.0,0.02,1,0
1,1,10641.0,0.0294,1,0
1,1,195.0,0.1,1,0
1,1,10498.0,0.1110999999999999,1,0
1,1,22926.0,0.05,1,0
1,1,18247.0,0.05,1,0
1,1,65726.0,0.0345,1,0
1,1,1774.0,0.0192,1,0
1,1,26107.0,0.0127,1,0
1,1,46036.0,0.0167,1,0
1,1,44423.0,0.05,1,0
1,1,30375.0,0.05,1,0
1,1,5545.0,0.0169,1,0
1,1,33213.0,0.0118,1,0
1,1,58904.0,0.0121999999999999,1,0
1,1,22403.0,0.0435,1,0
0,0,0.0,0.0,0,0
0,0,0.0,0.0,0,0
0,0,0.0,0.0,0,0
0,0,0.0,0.0,0,0
0,0,0.0,0.0,0,0
0,0,0.0,0.0,0,0
0,0,0.0,0.0,0,0
0,0,0.0,0.0,0,0
0,0,0.0,0.0,0,0
0,0,0.0,0.0,0,0
0,0,0.0,0.0,0,0
0,0,0.0,0.0,0,0
0,0,0.0,0.0,0,0
0,0,0.0,0.0,0,0
0,0,0.0,0.0,0,0
0,0,0.0,0.0,0,0
0,0,0.0,0.0,0,0
0,0,0.0,0.0,0,0
0,0,0.0,0.0,0,0
0,0,0.0,0.0,0,0
0,0,0.0,0.0,0,0
0,0,0.0,0.0,0,0
0,0,0.0,0.0,0,0
0,0,0.0,0.0,0,0
0,0,0.0,0.0,0,0
0,0,0.0,0.0,0,0
0,0,0.0,0.0,0,0
0,0,0.0,0.0,0,0
0,0,0.0,0.0,0,0
0,0,0.0,0.0,0,0
0,0,0.0,0.0,0,0
0,0,0.0,0.0,0,0
0,0,0.0,0.0,0,0
0,0,0.0,0.0,0,0
0,0,0.0,0.0,0,0
0,0,0.0,0.0,0,0
0,0,0.0,0.0,0,0
0,0,0.0,0.0,0,0
0,0,0.0,0.0,0,0
0,0,0.0,0.0,0,0
0,0,0.0,0.0,0,0
0,0,0.0,0.0,0,0
0,0,0.0,0.0,0,0
0,0,0.0,0.0,0,0
0,0,0.0,0.0,0,0
0,0,0.0,0.0,0,0
0,0,0.0,0.0,0,0
0,0,0.0,0.0,0,0
0,0,0.0,0.0,0,0
0,0,0.0,0.0,0,0
0,0,0.0,0.0,0,0
0,0,0.0,0.0,0,0
0,0,0.0,0.0,0,0
0,0,0.0,0.0,0,0
0,0,0.0,0.0,0,0
0,0,0.0,0.0,0,0
0,0,0.0,0.0,0,0
0,0,0.0,0.0,0,0
0,0,0.0,0.0,0,0
0,0,0.0,0.0,0,0
0,0,0.0,0.0,0,0
0,0,0.0,0.0,0,0
0,0,0.0,0.0,0,0
0,0,0.0,0.0,0,0
0,0,0.0,0.0,0,0
0,0,0.0,0.0,0,0
0,0,0.0,0.0,0,0
0,0,0.0,0.0,0,0
0,0,0.0,0.0,0,0
0,0,0.0,0.0,0,0
0,0,0.0,0.0,0,0
0,0,0.0,0.0,0,0
0,0,0.0,0.0,0,0
0,0,0.0,0.0,0,0
0,0,0.0,0.0,0,0
0,0,0.0,0.0,0,0
0,0,0.0,0.0,0,0
0,0,0.0,0.0,0,0
0,0,0.0,0.0,0,0
0,0,0.0,0.0,0,0
0,0,0.0,0.0,0,0
0,0,0.0,0.0,0,0
0,0,0.0,0.0,0,0
0,0,0.0,0.0,0,0
0,0,0.0,0.0,0,0
0,0,0.0,0.0,0,0
0,0,0.0,0.0,0,0
0,0,0.0,0.0,0,0
0,0,0.0,0.0,0,0
0,0,0.0,0.0,0,0
0,0,0.0,0.0,0,0
0,0,0.0,0.0,0,0
0,0,0.0,0.0,0,0
0,0,0.0,0.0,0,0
0,0,0.0,0.0,0,0
0,0,0.0,0.0,0,0
0,0,0.0,0.0,0,0
180,284,4196223.0,0.1215,271,1
166,210,3208254.0,0.1064,197,1
100,154,4485428.0,0.1859,140,1
46,139,1934551.0,0.0648,131,2
115,129,11622144.0,0.087,122,1
90,126,4115339.0,0.0733999999999999,118,1
70,117,1263372.0,0.1235,112,2
10,111,121108.0,0.1351,56,2
77,106,2568799.0,0.1332,104,1
49,103,2155622.0,0.0484,99,2
73,100,2902935.0,0.1737999999999999,95,1
55,88,1427834.0,0.0648,84,2
27,86,701294.0,0.0938,83,2
37,84,1660879.0,0.1134999999999999,75,2
29,82,139027.0,0.1202999999999999,81,2
65,80,3582292.0,0.0639,74,1
40,71,2505395.0,0.0581,67,2
27,67,1069391.0,0.0592,62,2
36,65,1628763.0,0.1196,60,2
19,63,397902.0,0.0717,56,2
16,58,217936.0,0.1818,47,2
10,57,147454.0,0.0741,56,2
24,56,460479.0,0.0316,56,2
17,55,119044.0,0.2,44,2
19,54,1508058.0,0.1338,47,2
44,52,1790791.0,0.0462,50,2
27,52,325632.0,0.1421,51,2
23,52,870855.0,0.0659,51,2
45,51,1476236.0,0.0558,47,2
36,50,675557.0,0.0655999999999999,48,2
35,46,208117.0,0.2173999999999999,44,2
30,38,1268775.0,0.086,36,2
16,38,1142849.0,0.0571,32,2
33,37,910847.0,0.0809,35,2
23,36,210171.0,0.2706,36,2
23,34,59759.0,0.0437,34,2
19,33,205936.0,0.1638,27,2
16,32,163289.0,0.0828999999999999,25,0
21,32,884904.0,0.0917,28,2
18,32,912935.0,0.0571,31,2
11,29,136533.0,0.1294,27,0
25,29,425808.0,0.0919,29,2
24,29,927955.0,0.1148,26,2
13,29,314682.0,0.0483,29,0
5,29,88815.0,0.0365,29,0
23,27,789529.0,0.0602,27,2
17,27,200304.0,0.1518,25,2
21,27,315941.0,0.105,26,2
17,27,549463.0,0.0323,27,0
18,26,52529.0,0.2813,23,2
14,26,852385.0,0.0287,26,0
4,25,63278.0,0.1211999999999999,25,0
15,24,138901.0,0.1828999999999999,24,2
7,23,187543.0,0.0753,19,0
15,23,392512.0,0.0593,19,0
15,23,581206.0,0.0403,20,0
6,23,21318.0,0.0397,23,0
22,22,1313651.0,0.0278,22,2
14,22,442317.0,0.0417,19,0
14,21,383514.0,0.0761,21,0
18,21,69448.0,0.047,20,0
16,20,395296.0,0.042,18,0
11,19,248979.0,0.0509,16,0
14,19,204322.0,0.1667,19,0
8,17,168498.0,0.1026,16,0
10,17,513134.0,0.0758,15,0
13,16,638689.0,0.0855,16,0
10,16,132983.0,0.1586999999999999,16,0
11,16,250939.0,0.0414,14,0
13,16,1228473.0,0.0839,14,0
14,15,89664.0,0.1667,14,0
14,15,809722.0,0.0345,15,0
12,15,602991.0,0.0436,14,0
14,14,16476.0,0.0388,14,0
13,14,20711.0,0.1226,14,0
8,14,359588.0,0.0343,10,0
12,14,309242.0,0.0414,14,0
11,14,31133.0,0.2973,13,0
11,14,162779.0,0.0909,13,0
5,14,637366.0,0.1667,12,0
8,14,118478.0,0.0369,14,0
6,14,171869.0,0.0377,14,0
10,13,43367.0,0.0599,12,0
4,13,158117.0,0.0381,13,0
9,13,93049.0,0.1324,10,0
5,13,81883.0,0.0781,13,0
6,13,141409.0,0.1052999999999999,13,0
10,12,63044.0,0.1009999999999999,10,0
11,12,282385.0,0.0748,12,0
7,12,344944.0,0.0593,12,0
5,12,68124.0,0.0892999999999999,5,0
8,11,446434.0,0.036,9,0
9,11,97383.0,0.25,11,0
8,11,50837.0,0.1096,10,0
10,11,265531.0,0.0474,10,0
7,11,88315.0,0.1892,11,0
8,11,655246.0,0.0482,11,0
3,11,67193.0,0.0469,11,0
10,11,255094.0,0.0559,10,0
10,11,150829.0,0.1149,11,0
10,11,208682.0,0.036,11,0
11,11,233979.0,0.0379,11,0
6,10,108312.0,0.12,10,0
10,10,485355.0,0.0467,10,0
10,10,462419.0,0.0971,10,0
7,10,998634.0,0.0713999999999999,10,0
9,10,307136.0,0.0341,10,0
6,10,14939.0,0.0183,10,0
7,10,97492.0,0.1591,9,0
9,10,569479.0,0.0474,10,0
7,9,122932.0,0.0853999999999999,9,0
9,9,104882.0,0.0458999999999999,9,0
9,9,209572.0,0.1730999999999999,9,0
5,9,171537.0,0.0794,8,0
8,8,812668.0,0.0878999999999999,7,0
6,8,861.0,0.0713999999999999,8,0
6,8,229274.0,0.0561,7,0
8,8,107808.0,0.1356,8,0
4,8,330736.0,0.0713999999999999,8,0
6,8,400511.0,0.0713999999999999,7,0
8,8,156585.0,0.08,8,0
6,8,259243.0,0.037,8,0
7,8,150859.0,0.0435,7,0
6,8,50565.0,0.0923,8,0
7,8,93315.0,0.0443,8,0
4,8,8505.0,0.0226,8,0
2,7,24451.0,0.0225,7,0
7,7,258508.0,0.0483,7,0
4,7,22228.0,0.0377,7,0
4,7,62082.0,0.0727,7,0
6,7,126943.0,0.0264,7,0
7,7,183864.0,0.0753,7,0
6,7,5836.0,0.0652,6,0
6,7,160335.0,0.0723,7,0
6,7,171919.0,0.0625,7,0
5,7,79502.0,0.0526,7,0
4,7,137069.0,0.0336,7,0
3,7,11455.0,0.075,7,0
6,7,220034.0,0.0359,6,0
7,7,73591.0,0.1061,7,0
6,6,31538.0,0.1277,6,0
5,6,78662.0,0.0694,6,0
3,6,60098.0,0.0297,6,0
5,6,114945.0,0.0262,6,0
5,6,455016.0,0.05,6,0
3,6,7328.0,0.0588,6,0
3,6,139973.0,0.0492,5,0
5,6,140936.0,0.0183,6,0
5,6,202706.0,0.0226,6,0
3,5,83324.0,0.0172,5,0
4,5,138314.0,0.0471,4,0
4,5,207844.0,0.2105,5,0
5,5,9761.0,0.0649,5,0
5,5,447379.0,0.0463,5,0
5,5,116607.0,0.1923,5,0
4,5,53722.0,0.0562999999999999,4,0
2,5,9631.0,0.0951999999999999,5,0
4,5,142978.0,0.0475999999999999,5,0
2,5,6307.0,0.1538,3,0
5,5,33689.0,0.0446,5,0
5,5,93816.0,0.0278,5,0
3,5,329873.0,0.0385,5,0
5,5,143244.0,0.0397,5,0
4,5,57101.0,0.0308,5,0
4,5,172727.0,0.0266999999999999,5,0
4,4,31662.0,0.1052999999999999,4,0
2,4,126224.0,0.0235,2,0
3,4,37862.0,0.0341,4,0
3,4,129907.0,0.0341,4,0
4,4,135917.0,0.0248,4,0
4,4,508716.0,0.069,4,0
4,4,652.0,0.0727,4,0
4,4,68628.0,0.1026,4,0
4,4,110625.0,0.0444,4,0
2,4,67698.0,0.0235,4,0
4,4,178955.0,0.026,4,0
4,4,537489.0,0.0220999999999999,3,0
3,4,154191.0,0.0286,4,0
3,4,269929.0,0.0306,3,0
3,3,102112.0,0.0492,3,0
2,3,140677.0,0.0377,3,0
2,3,193.0,0.0112,3,0
3,3,78548.0,0.0385,3,0
3,3,11466.0,0.0833,3,0
3,3,6667.0,0.0938,3,0
1,3,4695.0,0.25,3,0
3,3,21812.0,0.2727,3,0
2,3,158457.0,0.0148,3,0
3,3,16741.0,0.12,3,0
2,3,12731.0,0.25,2,0
1,3,3339.0,0.0156,3,0
2,3,11452.0,0.0243999999999999,3,0
3,3,26893.0,0.0625,3,0
3,3,137884.0,0.0588,3,0
3,3,124166.0,0.0588,3,0
3,3,12866.0,0.0667,3,0
3,3,3622.0,0.1304,3,0
3,3,46825.0,0.0233,3,0
1,2,373.0,0.0182,2,0
2,2,42028.0,0.0084,2,0
2,2,38413.0,0.0487999999999999,2,0
2,2,130855.0,0.0426,2,0
2,2,10932.0,0.0713999999999999,2,0
1,2,19266.0,0.0417,2,0
2,2,217928.0,0.0133,2,0
2,2,13752.0,0.0256,2,0
1,2,33391.0,0.0074,2,0
2,2,72542.0,0.0235,2,0
2,2,74189.0,0.0356999999999999,2,0
2,2,50454.0,0.0444,2,0
2,2,872.0,0.1,2,0
2,2,7376.0,0.0274,2,0
1,2,43748.0,0.0189,2,0
2,2,36872.0,0.0645,2,0
2,2,46024.0,0.0161,2,0
1,2,98867.0,0.0115,2,0
2,2,118904.0,0.0165,2,0
1,2,40764.0,0.037,2,0
2,2,90076.0,0.027,2,0
2,2,17541.0,0.04,2,0
1,2,37958.0,0.0051,2,0
1,2,119571.0,0.0227,2,0
2,2,26691.0,0.0317,2,0
1,1,8267.0,0.05,1,0
1,1,359266.0,0.0179,1,0
1,1,36386.0,0.0313,1,0
1,1,19678.0,0.05,1,0
1,1,24337.0,0.0109,1,0
1,1,30305.0,1.0,1,2
1,1,78685.0,0.037,1,0
1,1,56536.0,0.0043,1,0
1,1,4658.0,0.0263,1,0
1,1,35909.0,0.0455,1,0
1,1,10191.0,0.05,1,0
1,1,322.0,0.0217,1,0
1,1,5196.0,0.0208,1,0
1,1,60531.0,0.0455,1,0
1,1,26347.0,0.0333,1,0
1,1,21036.0,0.0435,1,0
1,1,92642.0,0.0109,1,0
1,1,1294.0,0.05,1,0
1,1,58304.0,0.025,1,0
1,1,52437.0,0.04,1,0
1,1,5118.0,0.0323,1,0
1,1,64174.0,0.0588,1,0
1,1,265.0,0.0302999999999999,1,0
1,1,32511.0,0.0313,0,0
1,1,8784.0,0.1667,1,0
1,1,5092.0,0.0127,1,0
0,0,0.0,0.0,0,0
0,0,0.0,0.0,0,0
0,0,0.0,0.0,0,0
0,0,0.0,0.0,0,0
0,0,0.0,0.0,0,0
0,0,0.0,0.0,0,0
0,0,0.0,0.0,0,0
0,0,0.0,0.0,0,0
0,0,0.0,0.0,0,0
0,0,0.0,0.0,0,0
0,0,0.0,0.0,0,0
0,0,0.0,0.0,0,0
0,0,0.0,0.0,0,0
0,0,0.0,0.0,0,0
0,0,0.0,0.0,0,0
0,0,0.0,0.0,0,0
0,0,0.0,0.0,0,0
0,0,0.0,0.0,0,0
0,0,0.0,0.0,0,0
0,0,0.0,0.0,0,0
0,0,0.0,0.0,0,0
0,0,0.0,0.0,0,0
0,0,0.0,0.0,0,0
0,0,0.0,0.0,0,0
0,0,0.0,0.0,0,0
0,0,0.0,0.0,0,0
0,0,0.0,0.0,0,0
0,0,0.0,0.0,0,0
0,0,0.0,0.0,0,0
0,0,0.0,0.0,0,0
0,0,0.0,0.0,0,0
0,0,0.0,0.0,0,0
0,0,0.0,0.0,0,0
0,0,0.0,0.0,0,0
0,0,0.0,0.0,0,0
0,0,0.0,0.0,0,0
0,0,0.0,0.0,0,0
0,0,0.0,0.0,0,0
0,0,0.0,0.0,0,0
0,0,0.0,0.0,0,0
0,0,0.0,0.0,0,0
0,0,0.0,0.0,0,0
0,0,0.0,0.0,0,0
0,0,0.0,0.0,0,0
0,0,0.0,0.0,0,0
0,0,0.0,0.0,0,0
0,0,0.0,0.0,0,0
0,0,0.0,0.0,0,0
0,0,0.0,0.0,0,0
0,0,0.0,0.0,0,0
0,0,0.0,0.0,0,0
0,0,0.0,0.0,0,0
0,0,0.0,0.0,0,0
0,0,0.0,0.0,0,0
0,0,0.0,0.0,0,0
0,0,0.0,0.0,0,0
0,0,0.0,0.0,0,0
0,0,0.0,0.0,0,0
0,0,0.0,0.0,0,0
0,0,0.0,0.0,0,0
0,0,0.0,0.0,0,0
0,0,0.0,0.0,0,0
0,0,0.0,0.0,0,0
0,0,0.0,0.0,0,0
0,0,0.0,0.0,0,0
0,0,0.0,0.0,0,0
0,0,0.0,0.0,0,0
0,0,0.0,0.0,0,0
0,0,0.0,0.0,0,0
0,0,0.0,0.0,0,0
0,0,0.0,0.0,0,0
0,0,0.0,0.0,0,0
0,0,0.0,0.0,0,0
0,0,0.0,0.0,0,0
0,0,0.0,0.0,0,0
0,0,0.0,0.0,0,0
0,0,0.0,0.0,0,0
0,0,0.0,0.0,0,0
0,0,0.0,0.0,0,0
0,0,0.0,0.0,0,0
0,0,0.0,0.0,0,0
0,0,0.0,0.0,0,0
0,0,0.0,0.0,0,0
0,0,0.0,0.0,0,0
0,0,0.0,0.0,0,0
0,0,0.0,0.0,0,0
0,0,0.0,0.0,0,0
0,0,0.0,0.0,0,0
0,0,0.0,0.0,0,0
0,0,0.0,0.0,0,0
0,0,0.0,0.0,0,0
0,0,0.0,0.0,0,0
0,0,0.0,0.0,0,0
0,0,0.0,0.0,0,0
0,0,0.0,0.0,0,0
0,0,0.0,0.0,0,0
0,0,0.0,0.0,0,0
0,0,0.0,0.0,0,0
158,281,3959508.0,0.0978,250,1
129,151,3856463.0,0.0699,142,1
120,134,12398125.0,0.071,126,1
86,130,2733876.0,0.1075,129,1
46,128,930042.0,0.0516999999999999,119,2
81,127,4436826.0,0.0608999999999999,109,1
72,114,3173457.0,0.1341,107,1
42,110,1516155.0,0.0576999999999999,106,2
79,102,1655205.0,0.0847,95,2
35,101,172825.0,0.1429,95,2
21,95,3203460.0,0.0394,89,2
47,86,2873839.0,0.0569,81,2
59,78,910664.0,0.1294,68,2
61,75,4290460.0,0.0291,63,1
26,72,2041769.0,0.1769,70,2
34,72,1362949.0,0.1043,61,2
25,70,436899.0,0.2525,64,2
22,69,56778.0,0.0742999999999999,68,2
24,68,253567.0,0.1846,66,2
24,67,1154958.0,0.0602,62,2
44,66,1131104.0,0.0586,62,2
36,64,1294427.0,0.0407,58,2
24,64,216039.0,0.0842,53,2
28,57,454595.0,0.0986,52,2
7,56,80156.0,0.0713999999999999,56,2
38,56,1708054.0,0.1301,51,2
23,53,281311.0,0.1178999999999999,45,2
13,52,169569.0,0.1625,51,2
33,49,1178753.0,0.1264,47,2
33,49,1739797.0,0.0481,45,2
34,42,563092.0,0.0648,40,2
37,39,863708.0,0.0665,37,2
33,39,980508.0,0.0482,37,2
14,38,4163.0,0.0843,38,2
29,36,179277.0,0.1871,35,2
25,36,1716837.0,0.0469,36,2
22,34,232884.0,0.1896999999999999,30,2
15,34,1169472.0,0.0388,32,2
24,33,540577.0,0.0742999999999999,28,2
23,31,881919.0,0.0969999999999999,30,2
29,30,1053559.0,0.038,30,2
18,30,1054232.0,0.0429,28,2
29,29,2002572.0,0.0433,28,2
13,28,147307.0,0.2,27,2
22,28,1005153.0,0.0567999999999999,26,2
16,28,769797.0,0.0554,28,2
15,26,153741.0,0.1578999999999999,22,2
15,25,988566.0,0.0815,24,2
22,25,383935.0,0.0611,25,0
17,24,187623.0,0.1393,19,0
15,24,583108.0,0.0368,24,0
17,24,567501.0,0.0259,23,0
20,23,118327.0,0.0984999999999999,23,0
19,23,1173399.0,0.1131,19,2
11,22,164425.0,0.1158,22,0
9,21,97543.0,0.1047,19,0
14,21,354404.0,0.0246,21,0
14,21,37203.0,0.0383,21,0
15,21,359142.0,0.0526,20,0
16,21,24196.0,0.1159,19,0
17,21,1573860.0,0.0872,19,2
12,19,39017.0,0.2182,19,0
17,19,58383.0,0.0711,19,0
13,18,54794.0,0.0703,17,0
9,18,217993.0,0.1098,13,0
14,18,554003.0,0.0541,18,0
9,18,414962.0,0.0818,18,0
15,17,668538.0,0.0399,15,0
15,17,595206.0,0.0452,17,0
13,17,229592.0,0.0726,17,0
10,16,1001081.0,0.0535,16,0
12,16,438492.0,0.0455999999999999,16,0
7,16,94364.0,0.1167,15,0
13,16,381198.0,0.0315,15,0
13,15,927626.0,0.0667,13,0
9,15,22097.0,0.0232,13,0
14,15,328153.0,0.0588,13,0
12,15,4509.0,0.0516999999999999,11,0
11,15,240097.0,0.047,15,0
9,15,410915.0,0.0103,13,0
11,14,519805.0,0.0453,11,0
14,14,368653.0,0.0346,13,0
12,14,252593.0,0.0444,14,0
12,14,148625.0,0.1644,13,0
10,13,35643.0,0.0658,13,0
11,13,616871.0,0.0344,13,0
11,13,192033.0,0.1169999999999999,10,0
4,13,129188.0,0.0235,13,0
11,12,72336.0,0.1235999999999999,12,0
12,12,140984.0,0.0603,11,0
10,12,418389.0,0.0556,12,0
5,12,80645.0,0.1724,7,0
5,12,23983.0,0.125,12,0
10,12,237613.0,0.0475999999999999,12,0
11,11,1221122.0,0.0733,10,0
10,11,154148.0,0.0633,11,0
9,11,281314.0,0.0672,11,0
7,11,141242.0,0.1346,11,0
8,11,14038.0,0.0291,10,0
10,11,353486.0,0.0819999999999999,9,0
8,11,239548.0,0.0197,10,0
8,10,177468.0,0.0496999999999999,10,0
9,10,24901.0,0.0302,8,0
9,10,392546.0,0.038,9,0
9,10,241304.0,0.0769,9,0
10,10,57105.0,0.1471,10,0
9,10,270907.0,0.0361,9,0
9,10,248365.0,0.1153999999999999,9,0
9,10,278323.0,0.0506,10,0
9,10,17342.0,0.1268,9,0
6,10,126888.0,0.0487999999999999,7,0
7,10,216515.0,0.1014,8,0
5,9,6488.0,0.0223,5,0
9,9,98992.0,0.0928,9,0
8,9,90192.0,0.1778,9,0
5,9,88532.0,0.0275,9,0
5,9,48704.0,0.1135999999999999,9,0
5,9,244097.0,0.0567999999999999,8,0
8,9,64823.0,0.0784,9,0
8,9,354888.0,0.1176,8,0
5,9,107043.0,0.035,9,0
8,8,4224.0,0.1632999999999999,7,0
7,8,258498.0,0.0538,8,0
6,8,153697.0,0.0882,5,0
6,8,224712.0,0.0789,8,0
4,8,73783.0,0.0331,8,0
1,8,13028.0,0.0123,8,0
5,8,91193.0,0.119,8,0
5,7,150099.0,0.0333,7,0
4,7,634408.0,0.0404,5,0
6,7,213013.0,0.04,7,0
6,7,157612.0,0.0187999999999999,6,0
4,7,18055.0,0.1052999999999999,7,0
6,7,137933.0,0.1091,4,0
7,7,234006.0,0.1061,7,0
4,7,59811.0,0.0305,7,0
2,7,142084.0,0.0106,7,0
5,6,53113.0,0.061,5,0
5,6,80369.0,0.0684999999999999,5,0
3,6,47107.0,0.0625,4,0
5,6,132067.0,0.0435,6,0
6,6,104998.0,0.0698,6,0
6,6,33326.0,0.0909,5,0
6,6,43304.0,0.0713999999999999,5,0
5,6,33957.0,0.0892999999999999,6,0
4,6,121895.0,0.0331,3,0
5,6,2485.0,0.0199,5,0
5,6,64032.0,0.1316,5,0
3,6,9715.0,0.0536,6,0
5,5,132826.0,0.0617,3,0
4,5,57028.0,0.0678,5,0
5,5,230583.0,0.0495,3,0
5,5,102845.0,0.0806,5,0
3,5,108572.0,0.0171,3,0
5,5,45099.0,0.0725,5,0
5,5,76118.0,0.0338,4,0
4,5,57177.0,0.0301,4,0
4,5,51035.0,0.0435,4,0
5,5,14155.0,0.042,5,0
3,5,37107.0,0.0545,4,0
4,5,5246.0,0.0816,5,0
5,5,301009.0,0.0316,5,0
4,4,53311.0,0.0247,4,0
2,4,305704.0,0.0129,4,0
3,4,136497.0,0.0353,4,0
3,4,13344.0,0.0938,4,0
4,4,194383.0,0.0741,3,0
1,4,16256.0,0.0475999999999999,4,0
4,4,62433.0,0.0115,4,0
4,4,18492.0,0.0283999999999999,4,0
3,4,93467.0,0.0789,4,0
3,4,5285.0,0.0288,4,0
3,4,87924.0,0.0652,4,0
4,4,291587.0,0.0333,4,0
4,4,98736.0,0.0374,4,0
1,4,105.0,0.0385,4,0
3,4,29943.0,0.0233,4,0
4,4,58555.0,0.0702,4,0
4,4,162446.0,0.0237999999999999,4,0
3,4,534829.0,0.0163,3,0
4,4,129964.0,0.04,4,0
3,4,42579.0,0.0423,4,0
3,4,159615.0,0.0224,3,0
2,3,533976.0,0.0345,3,0
3,3,25071.0,0.1364,3,0
3,3,123247.0,0.1153999999999999,3,0
3,3,110767.0,0.1110999999999999,3,0
2,3,33206.0,0.025,3,0
3,3,38891.0,0.0588,3,0
2,3,216963.0,0.0833,2,0
3,3,171498.0,0.0333,2,0
3,3,25889.0,0.0288,3,0
3,3,22046.0,0.1153999999999999,3,0
2,3,76282.0,0.0645,2,0
2,3,54333.0,0.0299,2,0
3,3,37699.0,0.2727,3,0
2,3,10186.0,0.0455,1,0
2,3,14888.0,0.0134,2,0
2,3,57418.0,0.0351,3,0
2,3,7736.0,0.0571,3,0
3,3,67252.0,0.0254,3,0
2,3,100005.0,0.0105,3,0
2,2,74981.0,0.0235,2,0
1,2,482191.0,0.0227,2,0
1,2,7542.0,0.0081,2,0
2,2,37469.0,0.0392,2,0
1,2,29841.0,0.0167,2,0
1,2,138.0,0.0093,2,0
2,2,27722.0,0.1333,2,0
1,2,582.0,0.0137,2,0
2,2,49084.0,0.0327999999999999,2,0
2,2,7095.0,0.1,2,0
2,2,46094.0,0.1052999999999999,2,0
1,2,10509.0,0.027,2,0
2,2,142083.0,0.0455,2,0
1,2,59836.0,0.1,1,0
1,2,547.0,0.0833,2,0
2,2,13919.0,0.0289999999999999,1,0
2,2,91733.0,0.0235,2,0
1,2,565.0,0.0163999999999999,2,0
2,2,63827.0,0.0174,1,0
2,2,113471.0,0.0526,2,0
2,2,12542.0,0.0475999999999999,2,0
2,2,72158.0,0.1818,2,0
1,2,25684.0,0.0175,2,0
2,2,83005.0,0.0059,2,0
2,2,24171.0,0.0951999999999999,2,0
1,1,61.0,0.013,1,0
1,1,2815.0,0.04,1,0
1,1,478.0,0.0182,1,0
1,1,25.0,0.05,1,0
1,1,18011.0,1.0,1,2
1,1,38331.0,0.1429,1,0
1,1,38065.0,0.0713999999999999,0,0
1,1,39272.0,0.013,1,0
1,1,5114.0,0.0302999999999999,1,0
1,1,61189.0,0.0455,1,0
1,1,142254.0,0.0182,1,0
1,1,13156.0,0.0909,1,0
1,1,7068.0,0.0333,1,0
1,1,843.0,0.0101,1,0
1,1,15342.0,0.0909,1,0
1,1,6565.0,0.0233,1,0
1,1,10916.0,0.027,1,0
1,1,977.0,0.04,1,0
1,1,63082.0,0.0106,1,0
1,1,20046.0,0.0076,1,0
1,1,18111.0,0.0156,1,0
1,1,1925.0,0.0182,1,0
1,1,9036.0,0.0588,1,0
1,1,18681.0,0.0172,1,0
1,1,38184.0,0.0243999999999999,1,0
1,1,17737.0,0.0263,1,0
1,1,2284.0,0.0087,1,0
0,0,0.0,0.0,0,0
0,0,0.0,0.0,0,0
0,0,0.0,0.0,0,0
0,0,0.0,0.0,0,0
0,0,0.0,0.0,0,0
0,0,0.0,0.0,0,0
0,0,0.0,0.0,0,0
0,0,0.0,0.0,0,0
0,0,0.0,0.0,0,0
0,0,0.0,0.0,0,0
0,0,0.0,0.0,0,0
0,0,0.0,0.0,0,0
0,0,0.0,0.0,0,0
0,0,0.0,0.0,0,0
0,0,0.0,0.0,0,0
0,0,0.0,0.0,0,0
0,0,0.0,0.0,0,0
0,0,0.0,0.0,0,0
0,0,0.0,0.0,0,0
0,0,0.0,0.0,0,0
0,0,0.0,0.0,0,0
0,0,0.0,0.0,0,0
0,0,0.0,0.0,0,0
0,0,0.0,0.0,0,0
0,0,0.0,0.0,0,0
0,0,0.0,0.0,0,0
0,0,0.0,0.0,0,0
0,0,0.0,0.0,0,0
0,0,0.0,0.0,0,0
0,0,0.0,0.0,0,0
0,0,0.0,0.0,0,0
0,0,0.0,0.0,0,0
0,0,0.0,0.0,0,0
0,0,0.0,0.0,0,0
0,0,0.0,0.0,0,0
0,0,0.0,0.0,0,0
0,0,0.0,0.0,0,0
0,0,0.0,0.0,0,0
0,0,0.0,0.0,0,0
0,0,0.0,0.0,0,0
0,0,0.0,0.0,0,0
0,0,0.0,0.0,0,0
0,0,0.0,0.0,0,0
0,0,0.0,0.0,0,0
0,0,0.0,0.0,0,0
0,0,0.0,0.0,0,0
0,0,0.0,0.0,0,0
0,0,0.0,0.0,0,0
0,0,0.0,0.0,0,0
0,0,0.0,0.0,0,0
0,0,0.0,0.0,0,0
0,0,0.0,0.0,0,0
0,0,0.0,0.0,0,0
0,0,0.0,0.0,0,0
0,0,0.0,0.0,0,0
0,0,0.0,0.0,0,0
0,0,0.0,0.0,0,0
0,0,0.0,0.0,0,0
0,0,0.0,0.0,0,0
0,0,0.0,0.0,0,0
0,0,0.0,0.0,0,0
0,0,0.0,0.0,0,0
0,0,0.0,0.0,0,0
0,0,0.0,0.0,0,0
0,0,0.0,0.0,0,0
0,0,0.0,0.0,0,0
0,0,0.0,0.0,0,0
0,0,0.0,0.0,0,0
0,0,0.0,0.0,0,0
0,0,0.0,0.0,0,0
0,0,0.0,0.0,0,0
0,0,0.0,0.0,0,0
0,0,0.0,0.0,0,0
0,0,0.0,0.0,0,0
0,0,0.0,0.0,0,0
0,0,0.0,0.0,0,0
0,0,0.0,0.0,0,0
0,0,0.0,0.0,0,0
0,0,0.0,0.0,0,0
0,0,0.0,0.0,0,0
0,0,0.0,0.0,0,0
0,0,0.0,0.0,0,0
0,0,0.0,0.0,0,0
0,0,0.0,0.0,0,0
0,0,0.0,0.0,0,0
0,0,0.0,0.0,0,0
0,0,0.0,0.0,0,0
0,0,0.0,0.0,0,0
0,0,0.0,0.0,0,0
0,0,0.0,0.0,0,0
0,0,0.0,0.0,0,0
0,0,0.0,0.0,0,0
0,0,0.0,0.0,0,0
0,0,0.0,0.0,0,0
0,0,0.0,0.0,0,0
0,0,0.0,0.0,0,0
0,0,0.0,0.0,0,0
0,0,0.0,0.0,0,0
0,0,0.0,0.0,0,0
0,0,0.0,0.0,0,0
0,0,0.0,0.0,0,0
0,0,0.0,0.0,0,0
0,0,0.0,0.0,0,0
0,0,0.0,0.0,0,0
157,229,3131107.0,0.13,216,1
82,183,3685975.0,0.077,171,1
120,172,5839579.0,0.0705,155,1
77,144,4743060.0,0.066,117,1
96,135,2078539.0,0.1027999999999999,125,1
35,108,3014362.0,0.2188,100,2
87,108,2256582.0,0.1332,102,1
86,98,2353252.0,0.0533,88,1
63,96,2950724.0,0.1384999999999999,84,2
67,95,1114594.0,0.1573,88,2
83,94,9315783.0,0.0562,87,1
54,82,2595397.0,0.1677,64,2
38,81,691614.0,0.0443,77,2
29,78,670962.0,0.1098,72,2
25,78,118295.0,0.1067999999999999,76,2
34,77,1591175.0,0.1223,73,2
39,70,1736574.0,0.1005,61,2
24,67,288487.0,0.0975999999999999,59,2
28,64,441176.0,0.1049,59,2
53,62,2518316.0,0.0415,50,2
26,62,331655.0,0.1176,58,2
15,49,91098.0,0.2,43,2
22,49,335514.0,0.1594,38,2
45,48,3060358.0,0.0191,46,2
30,47,1727824.0,0.0529,41,2
36,47,59264.0,0.1328,45,2
22,45,167242.0,0.2095,43,2
34,45,3447453.0,0.0921,37,2
18,44,579521.0,0.0541,44,2
34,44,959867.0,0.0494,42,2
21,43,747181.0,0.0496,37,2
38,43,62692.0,0.0774,39,2
32,42,278139.0,0.2221999999999999,41,2
29,41,696549.0,0.0463,38,2
33,39,980542.0,0.0775,38,2
26,36,65226.0,0.0541,36,2
15,35,230016.0,0.1515,33,2
29,35,1687391.0,0.0573,31,2
18,35,472893.0,0.0344,30,2
29,34,1171659.0,0.0408,31,2
23,33,147248.0,0.1322,32,2
8,32,99272.0,0.0748,16,0
19,32,414011.0,0.1508,32,2
23,29,1570666.0,0.1223,24,2
24,28,783354.0,0.0828,28,2
13,28,802433.0,0.0296,22,0
16,28,45307.0,0.0533,27,0
16,28,757898.0,0.046,28,2
13,27,1644471.0,0.0441999999999999,23,2
15,27,2281370.0,0.0987,13,2
17,27,818521.0,0.0389,27,0
9,26,446542.0,0.0336,26,0
9,26,248598.0,0.0677,26,0
12,22,24167.0,0.087,22,0
18,21,258625.0,0.0530999999999999,18,0
9,21,373744.0,0.0647,21,0
12,20,355769.0,0.0596999999999999,19,0
15,20,648922.0,0.0581,16,0
15,19,42092.0,0.044,19,0
10,19,48638.0,0.2221999999999999,18,0
14,18,25453.0,0.0524,14,0
13,18,1238034.0,0.0802,18,0
9,17,681337.0,0.032,14,0
1,17,99558.0,0.25,17,0
14,17,36553.0,0.209,14,0
15,17,168335.0,0.1442,16,0
9,17,139512.0,0.0634,17,0
2,17,349205.0,0.0116999999999999,17,0
9,17,287747.0,0.0273,17,0
10,16,325469.0,0.0223,15,0
13,16,7694.0,0.1711,15,0
11,16,12862.0,0.0957,14,0
16,16,833513.0,0.0322,15,0
15,16,483784.0,0.0758,14,0
11,16,482154.0,0.0462,16,0
14,16,125507.0,0.1157,15,0
15,15,97679.0,0.0815,15,0
11,15,475332.0,0.0441999999999999,15,0
12,15,476655.0,0.0375,15,0
12,15,309925.0,0.0395999999999999,14,0
13,15,327517.0,0.0530999999999999,11,0
11,15,313847.0,0.0159,13,0
11,15,401168.0,0.0172,13,0
6,14,70281.0,0.0652,14,0
12,14,326479.0,0.0486,12,0
13,14,86608.0,0.0713999999999999,12,0
7,13,140705.0,0.0693,10,0
9,13,291483.0,0.0584,13,0
7,13,28501.0,0.1842,13,0
3,12,1370797.0,0.0545,2,0
10,12,170269.0,0.1333,9,0
9,12,21582.0,0.0448,12,0
10,12,27925.0,0.1852,11,0
9,12,102418.0,0.1667,12,0
9,12,291648.0,0.0167,11,0
7,12,148683.0,0.1458,12,0
6,12,146767.0,0.0682,10,0
10,11,292897.0,0.0421999999999999,11,0
11,11,389049.0,0.0629,10,0
9,11,26048.0,0.0978,11,0
5,11,228389.0,0.0909,9,0
9,11,117442.0,0.0810999999999999,9,0
10,11,315793.0,0.0605999999999999,11,0
8,11,39082.0,0.2423999999999999,7,0
9,11,316376.0,0.04,7,0
9,11,195469.0,0.0373,9,0
8,10,392017.0,0.0394,9,0
10,10,126279.0,0.068,8,0
5,10,131201.0,0.0245,10,0
2,10,9285.0,0.08,10,0
8,10,57715.0,0.1143,10,0
1,10,68625.0,0.027,10,0
8,10,592576.0,0.0576,9,0
9,9,975448.0,0.0474,9,0
8,9,250501.0,0.023,8,0
8,9,134289.0,0.1429,8,0
7,9,7158.0,0.1429,8,0
4,9,173954.0,0.0301,8,0
8,9,345469.0,0.129,9,0
7,9,242011.0,0.0521999999999999,9,0
7,9,324622.0,0.0648,9,0
6,8,43173.0,0.0789,5,0
3,8,136657.0,0.016,8,0
7,8,92399.0,0.0946,8,0
6,8,132673.0,0.0216,7,0
7,8,90574.0,0.0972,8,0
7,8,47905.0,0.0921,7,0
6,7,57187.0,0.1176,7,0
6,7,226077.0,0.0521999999999999,6,0
6,7,104807.0,0.0759,6,0
3,7,343697.0,0.0545,7,0
7,7,193785.0,0.0417,7,0
6,7,126476.0,0.1132,6,0
5,7,13989.0,0.102,7,0
6,7,269212.0,0.0173,7,0
7,7,83731.0,0.1944,6,0
7,7,242299.0,0.022,7,0
6,7,43552.0,0.12,7,0
2,7,257875.0,0.08,7,0
5,6,125668.0,0.0847,5,0
6,6,225199.0,0.0521999999999999,6,0
4,6,114737.0,0.0579999999999999,4,0
5,6,49153.0,0.0794,6,0
6,6,138335.0,0.0536,6,0
6,6,32205.0,0.0923,6,0
6,6,204583.0,0.0375,5,0
5,6,36431.0,0.0746,6,0
5,6,46913.0,0.1135999999999999,3,0
4,6,46027.0,0.1333,6,0
6,6,175722.0,0.0521999999999999,6,0
5,6,174216.0,0.0253,6,0
5,6,147629.0,0.061,6,0
3,6,38336.0,0.05,5,0
5,6,41903.0,0.1724,5,0
6,6,327939.0,0.0275,6,0
2,6,32844.0,0.0098999999999999,6,0
5,6,88088.0,0.0148,4,0
3,5,25632.0,0.1071,5,0
3,5,140019.0,0.0405,5,0
2,5,1869.0,0.0475999999999999,3,0
5,5,190406.0,0.0266999999999999,5,0
5,5,140082.0,0.1429,5,0
5,5,451761.0,0.0746,5,0
4,5,20769.0,0.3636,5,0
4,5,208547.0,0.0292,5,0
5,5,47837.0,0.122,5,0
4,5,300205.0,0.0366999999999999,5,0
5,5,62849.0,0.102,5,0
5,5,170916.0,0.049,5,0
2,5,1815.0,0.0833,4,0
4,4,140057.0,0.0168,4,0
3,4,53738.0,0.4286,4,0
4,4,149513.0,0.0548,4,0
4,4,22067.0,0.1211999999999999,4,0
3,4,40851.0,0.0210999999999999,4,0
3,4,309113.0,0.0248,3,0
4,4,236195.0,0.0364,3,0
3,4,1198.0,0.1765,4,0
3,4,27859.0,0.0353,4,0
3,4,41133.0,0.0210999999999999,4,0
1,4,147066.0,0.0127,4,0
3,4,79859.0,0.1,4,0
3,4,8006.0,0.0194,3,0
4,4,131569.0,0.0159,3,0
3,4,14384.0,0.0128,4,0
4,4,65375.0,0.0263,4,0
2,3,32642.0,0.0475999999999999,3,0
2,3,1058759.0,0.0317,1,0
3,3,211395.0,0.0291,3,0
3,3,39581.0,0.0233,3,0
3,3,24652.0,0.0291,2,0
3,3,61864.0,0.0375,3,0
3,3,12892.0,0.1071,3,0
2,3,74838.0,0.069,3,0
2,3,43891.0,0.0465,1,0
2,3,63377.0,0.0571,3,0
1,3,169775.0,0.0455,3,0
3,3,5993.0,0.0349,3,0
3,3,3408.0,0.1033999999999999,3,0
2,3,53449.0,0.0408,2,0
2,3,17853.0,0.0204,2,0
3,3,79206.0,0.0667,3,0
3,3,377563.0,0.0168,3,0
2,3,49133.0,0.0444,3,0
2,3,67074.0,0.0713999999999999,1,0
2,2,14734.0,0.0213,2,0
2,2,60642.0,0.026,2,0
1,2,6851.0,0.0121999999999999,2,0
2,2,14289.0,0.1429,2,0
2,2,8635.0,0.0645,2,0
1,2,1525.0,0.0156,2,0
1,2,130.0,0.0118,2,0
2,2,26017.0,0.0556,2,0
2,2,43784.0,0.0444,2,0
1,2,2038.0,0.0096,2,0
2,2,4195.0,0.1538,2,0
2,2,42305.0,0.0263,2,0
1,2,12742.0,0.0435,0,0
2,2,34407.0,0.0909,2,0
1,2,16644.0,0.04,2,0
1,2,90878.0,0.0417,1,0
1,2,54.0,0.0313,1,0
2,2,39991.0,0.1429,2,0
1,1,202.0,0.0093999999999999,1,0
1,1,27139.0,0.0263,0,0
1,1,17668.0,0.0588,1,0
1,1,70087.0,0.0182,1,0
1,1,135255.0,0.25,1,0
1,1,31479.0,0.0222,1,0
1,1,861.0,0.1110999999999999,1,0
1,1,93467.0,0.0435,1,0
1,1,15259.0,0.0104,1,0
1,1,3533.0,0.0323,0,0
1,1,9264.0,0.0175,1,0
1,1,11918.0,0.0068,1,0
1,1,40.0,0.0163999999999999,1,0
1,1,72004.0,0.0833,1,0
1,1,25309.0,0.0263,1,0
1,1,22346.0,0.125,1,0
1,1,324.0,0.0118999999999999,1,0
1,1,53.0,0.0333,1,0
1,1,65811.0,0.125,1,0
1,1,585.0,0.0087,0,0
1,1,112239.0,0.0713999999999999,1,0
1,1,216.0,0.0135,1,0
1,1,25864.0,0.04,1,0
1,1,10495.0,0.0172,1,0
1,1,76.0,0.037,1,0
1,1,20221.0,0.025,1,0
1,1,63.0,0.0417,1,0
1,1,1924.0,0.0106,1,0
1,1,14916.0,0.0217,1,0
1,1,28943.0,0.0127,1,0
1,1,1105.0,0.0213,1,0
1,1,24476.0,0.0313,1,0
1,1,45446.0,0.0233,1,0
1,1,1518.0,0.05,1,0
1,1,20056.0,0.0435,1,0
1,1,1307.0,0.0667,1,0
1,1,5356.0,0.0256,1,0
1,1,16751.0,0.0356999999999999,1,0
1,1,16325.0,0.2,1,0
1,1,74712.0,0.0769,1,0
1,1,11952.0,0.1429,1,0
1,1,554.0,0.25,1,0
0,0,0.0,0.0,0,0
0,0,0.0,0.0,0,0
0,0,0.0,0.0,0,0
0,0,0.0,0.0,0,0
0,0,0.0,0.0,0,0
0,0,0.0,0.0,0,0
0,0,0.0,0.0,0,0
0,0,0.0,0.0,0,0
0,0,0.0,0.0,0,0
0,0,0.0,0.0,0,0
0,0,0.0,0.0,0,0
0,0,0.0,0.0,0,0
0,0,0.0,0.0,0,0
0,0,0.0,0.0,0,0
0,0,0.0,0.0,0,0
0,0,0.0,0.0,0,0
0,0,0.0,0.0,0,0
0,0,0.0,0.0,0,0
0,0,0.0,0.0,0,0
0,0,0.0,0.0,0,0
0,0,0.0,0.0,0,0
0,0,0.0,0.0,0,0
0,0,0.0,0.0,0,0
0,0,0.0,0.0,0,0
0,0,0.0,0.0,0,0
0,0,0.0,0.0,0,0
0,0,0.0,0.0,0,0
0,0,0.0,0.0,0,0
0,0,0.0,0.0,0,0
0,0,0.0,0.0,0,0
0,0,0.0,0.0,0,0
0,0,0.0,0.0,0,0
0,0,0.0,0.0,0,0
0,0,0.0,0.0,0,0
0,0,0.0,0.0,0,0
0,0,0.0,0.0,0,0
0,0,0.0,0.0,0,0
0,0,0.0,0.0,0,0
0,0,0.0,0.0,0,0
0,0,0.0,0.0,0,0
0,0,0.0,0.0,0,0
0,0,0.0,0.0,0,0
0,0,0.0,0.0,0,0
0,0,0.0,0.0,0,0
0,0,0.0,0.0,0,0
0,0,0.0,0.0,0,0
0,0,0.0,0.0,0,0
0,0,0.0,0.0,0,0
0,0,0.0,0.0,0,0
0,0,0.0,0.0,0,0
0,0,0.0,0.0,0,0
0,0,0.0,0.0,0,0
0,0,0.0,0.0,0,0
0,0,0.0,0.0,0,0
0,0,0.0,0.0,0,0
0,0,0.0,0.0,0,0
0,0,0.0,0.0,0,0
0,0,0.0,0.0,0,0
0,0,0.0,0.0,0,0
0,0,0.0,0.0,0,0
0,0,0.0,0.0,0,0
0,0,0.0,0.0,0,0
0,0,0.0,0.0,0,0
0,0,0.0,0.0,0,0
0,0,0.0,0.0,0,0
0,0,0.0,0.0,0,0
0,0,0.0,0.0,0,0
0,0,0.0,0.0,0,0
0,0,0.0,0.0,0,0
0,0,0.0,0.0,0,0
0,0,0.0,0.0,0,0
0,0,0.0,0.0,0,0
0,0,0.0,0.0,0,0
0,0,0.0,0.0,0,0
0,0,0.0,0.0,0,0
0,0,0.0,0.0,0,0
0,0,0.0,0.0,0,0
0,0,0.0,0.0,0,0
0,0,0.0,0.0,0,0
0,0,0.0,0.0,0,0
0,0,0.0,0.0,0,0
0,0,0.0,0.0,0,0
0,0,0.0,0.0,0,0
0,0,0.0,0.0,0,0
0,0,0.0,0.0,0,0
0,0,0.0,0.0,0,0
0,0,0.0,0.0,0,0
0,0,0.0,0.0,0,0
0,0,0.0,0.0,0,0
0,0,0.0,0.0,0,0
0,0,0.0,0.0,0,0
0,0,0.0,0.0,0,0
0,0,0.0,0.0,0,0
0,0,0.0,0.0,0,0
